sample.id,old.sample.id,individual.id,type,type.id,species,species.id,LINGU.HERP.ID,Collection.Date,location,location.id,lat.lon,DNA.extraction.date,Qubit.date,Qubit..BR...ng.ul.,Sequencing.status..Pass.Fail.,include.in.analysis..Yes.No.,sequence.batch,sequencing_company,sequencing_platform,investigation.type,loci,sequencing_contract_id,weight,svl
DUME01FE,DUME-TPK-FE01,DUME-TPK-01,Faeces,fe,Duttaphrynus_melanostictus,DUME,893,10-May-22,Tai_Po_Kau,TPK,"22.4279895, 114.1807485",8-Dec-22,8-Dec-22,38.2,PASS,Yes,22-Dec-22,Novogene,NovaSeq_PE250,bacteria,16SV4,H201SC22114090 (X201SC22114090-Z01-F001),60,9.9
DUME04FE,DUME-TPK-FE04,DUME-TPK-04,Faeces,fe,Duttaphrynus_melanostictus,DUME,898,16-May-22,Tai_Po_Kau,TPK,"22.4279895, 114.1807485",8-Dec-22,8-Dec-22,80,PASS,Yes,22-Dec-22,Novogene,NovaSeq_PE250,bacteria,16SV4,H201SC22114090 (X201SC22114090-Z01-F001),52,8.2
DUME05FE,DUME-TPK-FE05,DUME-TPK-05,Faeces,fe,Duttaphrynus_melanostictus,DUME,904,16-May-22,Tai_Po_Kau,TPK,"22.4279895, 114.1807485",8-Dec-22,8-Dec-22,87.3,PASS,Yes,22-Dec-22,Novogene,NovaSeq_PE250,bacteria,16SV4,H201SC22114090 (X201SC22114090-Z01-F001),36,7.5
DUME06FE,DUME-TPK-FE06,DUME-TPK-06,Faeces,fe,Duttaphrynus_melanostictus,DUME,899,16-May-22,Tai_Po_Kau,TPK,"22.4279895, 114.1807485",8-Dec-22,8-Dec-22,78.7,PASS,Yes,22-Dec-22,Novogene,NovaSeq_PE250,bacteria,16SV4,H201SC22114090 (X201SC22114090-Z01-F001),28,6.7
DUME07FE,DUME-TPK-FE07,DUME-TPK-07,Faeces,fe,Duttaphrynus_melanostictus,DUME,912,24-May-22,Tai_Po_Kau,TPK,"22.4279895, 114.1807485",8-Dec-22,8-Dec-22,181,PASS,Yes,22-Dec-22,Novogene,NovaSeq_PE250,bacteria,16SV4,H201SC22114090 (X201SC22114090-Z01-F001),37,7.6
DUME11FE,DUME-TPK-FE11,DUME-TPK-11,Faeces,fe,Duttaphrynus_melanostictus,DUME,918,30-May-22,Tai_Po_Kau,TPK,"22.4279895, 114.1807485",8-Dec-22,8-Dec-22,88,PASS,Yes,22-Dec-22,Novogene,NovaSeq_PE250,bacteria,16SV4,H201SC22114090 (X201SC22114090-Z01-F001),31,6.8
DUME01LI,DUME-TPK-LI01,DUME-TPK-01,Large_intestine,li,Duttaphrynus_melanostictus,DUME,893,10-May-22,Tai_Po_Kau,TPK,"22.4279895, 114.1807485",6-Dec-22,6-Dec-22,460,PASS,Yes,22-Dec-22,Novogene,NovaSeq_PE250,bacteria,16SV4,H201SC22114090 (X201SC22114090-Z01-F001),60,9.9
DUME02LI,DUME-TPK-LI02,DUME-TPK-02,Large_intestine,li,Duttaphrynus_melanostictus,DUME,894,10-May-22,Tai_Po_Kau,TPK,"22.4279895, 114.1807485",6-Dec-22,6-Dec-22,274,PASS,Yes,22-Dec-22,Novogene,NovaSeq_PE250,bacteria,16SV4,H201SC22114090 (X201SC22114090-Z01-F001),63,9.5
DUME03LI,DUME-TPK-LI03,DUME-TPK-03,Large_intestine,li,Duttaphrynus_melanostictus,DUME,895,10-May-22,Tai_Po_Kau,TPK,"22.4279895, 114.1807485",6-Dec-22,6-Dec-22,380,PASS,Yes,22-Dec-22,Novogene,NovaSeq_PE250,bacteria,16SV4,H201SC22114090 (X201SC22114090-Z01-F001),28,6.9
DUME04LI,DUME-TPK-LI04,DUME-TPK-04,Large_intestine,li,Duttaphrynus_melanostictus,DUME,898,16-May-22,Tai_Po_Kau,TPK,"22.4279895, 114.1807485",6-Dec-22,6-Dec-22,493,PASS,Yes,22-Dec-22,Novogene,NovaSeq_PE250,bacteria,16SV4,H201SC22114090 (X201SC22114090-Z01-F001),52,8.2
DUME05LI,DUME-TPK-LI05,DUME-TPK-05,Large_intestine,li,Duttaphrynus_melanostictus,DUME,904,16-May-22,Tai_Po_Kau,TPK,"22.4279895, 114.1807485",6-Dec-22,6-Dec-22,360,PASS,Yes,22-Dec-22,Novogene,NovaSeq_PE250,bacteria,16SV4,H201SC22114090 (X201SC22114090-Z01-F001),36,7.5
DUME06LI,DUME-TPK-LI06,DUME-TPK-06,Large_intestine,li,Duttaphrynus_melanostictus,DUME,899,16-May-22,Tai_Po_Kau,TPK,"22.4279895, 114.1807485",6-Dec-22,6-Dec-22,279,PASS,Yes,22-Dec-22,Novogene,NovaSeq_PE250,bacteria,16SV4,H201SC22114090 (X201SC22114090-Z01-F001),28,6.7
DUME07LI,DUME-TPK-LI07,DUME-TPK-07,Large_intestine,li,Duttaphrynus_melanostictus,DUME,912,24-May-22,Tai_Po_Kau,TPK,"22.4279895, 114.1807485",6-Dec-22,6-Dec-22,447,PASS,Yes,22-Dec-22,Novogene,NovaSeq_PE250,bacteria,16SV4,H201SC22114090 (X201SC22114090-Z01-F001),37,7.6
DUME08LI,DUME-TPK-LI08,DUME-TPK-08,Large_intestine,li,Duttaphrynus_melanostictus,DUME,913,24-May-22,Tai_Po_Kau,TPK,"22.4279895, 114.1807485",6-Dec-22,6-Dec-22,667,PASS,Yes,22-Dec-22,Novogene,NovaSeq_PE250,bacteria,16SV4,H201SC22114090 (X201SC22114090-Z01-F001),51,8.8
DUME09LI,DUME-TPK-LI09,DUME-TPK-09,Large_intestine,li,Duttaphrynus_melanostictus,DUME,914,24-May-22,Tai_Po_Kau,TPK,"22.4279895, 114.1807485",6-Dec-22,6-Dec-22,Out of Range TOO HIGH,PASS,Yes,22-Dec-22,Novogene,NovaSeq_PE250,bacteria,16SV4,H201SC22114090 (X201SC22114090-Z01-F001),56,8.7
DUME11LI,DUME-TPK-LI11,DUME-TPK-11,Large_intestine,li,Duttaphrynus_melanostictus,DUME,918,30-May-22,Tai_Po_Kau,TPK,"22.4279895, 114.1807485",6-Dec-22,6-Dec-22,221,PASS,Yes,22-Dec-22,Novogene,NovaSeq_PE250,bacteria,16SV4,H201SC22114090 (X201SC22114090-Z01-F001),31,6.8
DUME12LI,DUME-TPK-LI12,DUME-TPK-12,Large_intestine,li,Duttaphrynus_melanostictus,DUME,925,30-May-22,Tai_Po_Kau,TPK,"22.4279895, 114.1807485",6-Dec-22,6-Dec-22,Out of Range TOO HIGH,PASS,Yes,22-Dec-22,Novogene,NovaSeq_PE250,bacteria,16SV4,H201SC22114090 (X201SC22114090-Z01-F001),35,7.3
DUME01PF,DUME-TPK-PF01,DUME-TPK-01,Pre-faeces,pf,Duttaphrynus_melanostictus,DUME,893,10-May-22,Tai_Po_Kau,TPK,"22.4279895, 114.1807485",10-Dec-22,10-Dec-22,51,PASS,Yes,22-Dec-22,Novogene,NovaSeq_PE250,bacteria,16SV4,H201SC22114090 (X201SC22114090-Z01-F001),60,9.9
DUME02PF,DUME-TPK-PF02,DUME-TPK-02,Pre-faeces,pf,Duttaphrynus_melanostictus,DUME,893,10-May-22,Tai_Po_Kau,TPK,"22.4279895, 114.1807485",10-Dec-22,10-Dec-22,42,PASS,Yes,22-Dec-22,Novogene,NovaSeq_PE250,bacteria,16SV4,H201SC22114090 (X201SC22114090-Z01-F001),60,9.9
DUME03PF,DUME-TPK-PF03,DUME-TPK-03,Pre-faeces,pf,Duttaphrynus_melanostictus,DUME,894,10-May-22,Tai_Po_Kau,TPK,"22.4279895, 114.1807485",10-Dec-22,10-Dec-22,101,PASS,Yes,22-Dec-22,Novogene,NovaSeq_PE250,bacteria,16SV4,H201SC22114090 (X201SC22114090-Z01-F001),63,9.5
DUME04PF,DUME-TPK-PF04,DUME-TPK-04,Pre-faeces,pf,Duttaphrynus_melanostictus,DUME,898,16-May-22,Tai_Po_Kau,TPK,"22.4279895, 114.1807485",10-Dec-22,10-Dec-22,101,PASS,Yes,22-Dec-22,Novogene,NovaSeq_PE250,bacteria,16SV4,H201SC22114090 (X201SC22114090-Z01-F001),52,8.2
DUME05PF,DUME-TPK-PF05,DUME-TPK-05,Pre-faeces,pf,Duttaphrynus_melanostictus,DUME,904,16-May-22,Tai_Po_Kau,TPK,"22.4279895, 114.1807485",10-Dec-22,10-Dec-22,23.7,PASS,Yes,22-Dec-22,Novogene,NovaSeq_PE250,bacteria,16SV4,H201SC22114090 (X201SC22114090-Z01-F001),36,7.5
DUME06PF,DUME-TPK-PF06,DUME-TPK-06,Pre-faeces,pf,Duttaphrynus_melanostictus,DUME,899,16-May-22,Tai_Po_Kau,TPK,"22.4279895, 114.1807485",10-Dec-22,10-Dec-22,28.5,PASS,Yes,22-Dec-22,Novogene,NovaSeq_PE250,bacteria,16SV4,H201SC22114090 (X201SC22114090-Z01-F001),28,6.7
DUME07PF,DUME-TPK-PF07,DUME-TPK-07,Pre-faeces,pf,Duttaphrynus_melanostictus,DUME,912,24-May-22,Tai_Po_Kau,TPK,"22.4279895, 114.1807485",10-Dec-22,10-Dec-22,37.3,PASS,Yes,22-Dec-22,Novogene,NovaSeq_PE250,bacteria,16SV4,H201SC22114090 (X201SC22114090-Z01-F001),37,7.6
DUME08PF,DUME-TPK-PF08,DUME-TPK-08,Pre-faeces,pf,Duttaphrynus_melanostictus,DUME,913,24-May-22,Tai_Po_Kau,TPK,"22.4279895, 114.1807485",10-Dec-22,10-Dec-22,297,PASS,Yes,22-Dec-22,Novogene,NovaSeq_PE250,bacteria,16SV4,H201SC22114090 (X201SC22114090-Z01-F001),51,8.8
DUME09PF,DUME-TPK-PF09,DUME-TPK-09,Pre-faeces,pf,Duttaphrynus_melanostictus,DUME,914,24-May-22,Tai_Po_Kau,TPK,"22.4279895, 114.1807485",10-Dec-22,10-Dec-22,40,PASS,Yes,22-Dec-22,Novogene,NovaSeq_PE250,bacteria,16SV4,H201SC22114090 (X201SC22114090-Z01-F001),56,8.7
DUME10PF,DUME-TPK-PF10,DUME-TPK-10,Pre-faeces,pf,Duttaphrynus_melanostictus,DUME,926,30-May-22,Tai_Po_Kau,TPK,"22.4279895, 114.1807485",12-Dec-22,12-Dec-22,70.7,PASS,Yes,22-Dec-22,Novogene,NovaSeq_PE250,bacteria,16SV4,H201SC22114090 (X201SC22114090-Z01-F001),36,8.4
DUME11PF,DUME-TPK-PF11,DUME-TPK-11,Pre-faeces,pf,Duttaphrynus_melanostictus,DUME,918,30-May-22,Tai_Po_Kau,TPK,"22.4279895, 114.1807485",12-Dec-22,12-Dec-22,51.3,PASS,Yes,22-Dec-22,Novogene,NovaSeq_PE250,bacteria,16SV4,H201SC22114090 (X201SC22114090-Z01-F001),31,6.8
DUME12PF,DUME-TPK-PF12,DUME-TPK-12,Pre-faeces,pf,Duttaphrynus_melanostictus,DUME,925,30-May-22,Tai_Po_Kau,TPK,"22.4279895, 114.1807485",12-Dec-22,12-Dec-22,261,PASS,Yes,22-Dec-22,Novogene,NovaSeq_PE250,bacteria,16SV4,H201SC22114090 (X201SC22114090-Z01-F001),35,7.3
DUME01SI,DUME-TPK-SI01,DUME-TPK-01,Small_intestine,si,Duttaphrynus_melanostictus,DUME,893,10-May-22,Tai_Po_Kau,TPK,"22.4279895, 114.1807485",5-Dec-22,5-Dec-22,Out of Range TOO HIGH,PASS,Yes,22-Dec-22,Novogene,NovaSeq_PE250,bacteria,16SV4,H201SC22114090 (X201SC22114090-Z01-F001),60,9.9
DUME02SI,DUME-TPK-SI02,DUME-TPK-02,Small_intestine,si,Duttaphrynus_melanostictus,DUME,894,10-May-22,Tai_Po_Kau,TPK,"22.4279895, 114.1807485",5-Dec-22,5-Dec-22,Out of Range TOO HIGH,PASS,Yes,22-Dec-22,Novogene,NovaSeq_PE250,bacteria,16SV4,H201SC22114090 (X201SC22114090-Z01-F001),63,9.5
DUME03SI,DUME-TPK-SI03,DUME-TPK-03,Small_intestine,si,Duttaphrynus_melanostictus,DUME,895,10-May-22,Tai_Po_Kau,TPK,"22.4279895, 114.1807485",5-Dec-22,5-Dec-22,667,PASS,Yes,22-Dec-22,Novogene,NovaSeq_PE250,bacteria,16SV4,H201SC22114090 (X201SC22114090-Z01-F001),28,6.9
DUME04SI,DUME-TPK-SI04,DUME-TPK-04,Small_intestine,si,Duttaphrynus_melanostictus,DUME,898,16-May-22,Tai_Po_Kau,TPK,"22.4279895, 114.1807485",7-Dec-22,7-Dec-22,Out of Range TOO HIGH,PASS,Yes,22-Dec-22,Novogene,NovaSeq_PE250,bacteria,16SV4,H201SC22114090 (X201SC22114090-Z01-F001),52,8.2
DUME05SI,DUME-TPK-SI05,DUME-TPK-05,Small_intestine,si,Duttaphrynus_melanostictus,DUME,904,16-May-22,Tai_Po_Kau,TPK,"22.4279895, 114.1807485",7-Dec-22,7-Dec-22,Out of Range TOO HIGH,PASS,Yes,22-Dec-22,Novogene,NovaSeq_PE250,bacteria,16SV4,H201SC22114090 (X201SC22114090-Z01-F001),36,7.5
DUME06SI,DUME-TPK-SI06,DUME-TPK-06,Small_intestine,si,Duttaphrynus_melanostictus,DUME,899,16-May-22,Tai_Po_Kau,TPK,"22.4279895, 114.1807485",7-Dec-22,7-Dec-22,Out of Range TOO HIGH,PASS,Yes,22-Dec-22,Novogene,NovaSeq_PE250,bacteria,16SV4,H201SC22114090 (X201SC22114090-Z01-F001),28,6.7
DUME09SI,DUME-TPK-SI09,DUME-TPK-09,Small_intestine,si,Duttaphrynus_melanostictus,DUME,914,24-May-22,Tai_Po_Kau,TPK,"22.4279895, 114.1807485",7-Dec-22,7-Dec-22,653,PASS,Yes,22-Dec-22,Novogene,NovaSeq_PE250,bacteria,16SV4,H201SC22114090 (X201SC22114090-Z01-F001),56,8.7
DUME10SI,DUME-TPK-SI10,DUME-TPK-10,Small_intestine,si,Duttaphrynus_melanostictus,DUME,926,30-May-22,Tai_Po_Kau,TPK,"22.4279895, 114.1807485",7-Dec-22,7-Dec-22,Out of Range TOO HIGH,PASS,Yes,22-Dec-22,Novogene,NovaSeq_PE250,bacteria,16SV4,H201SC22114090 (X201SC22114090-Z01-F001),36,8.4
DUME11SI,DUME-TPK-SI11,DUME-TPK-11,Small_intestine,si,Duttaphrynus_melanostictus,DUME,918,30-May-22,Tai_Po_Kau,TPK,"22.4279895, 114.1807485",7-Dec-22,7-Dec-22,Out of Range TOO HIGH,PASS,Yes,22-Dec-22,Novogene,NovaSeq_PE250,bacteria,16SV4,H201SC22114090 (X201SC22114090-Z01-F001),31,6.8
KAPU02FE,KAPU-TPK-FE02,KAPU-TPK-02,Faeces,fe,Kaloula_pulchra,KAPU,891,10-May-22,Tai_Po_Kau,TPK,"22.4279895, 114.1807485",8-Dec-22,8-Dec-22,19.5,PASS,Yes,22-Dec-22,Novogene,NovaSeq_PE250,bacteria,16SV4,H201SC22114090 (X201SC22114090-Z01-F001),35,7.1
KAPU03FE,KAPU-TPK-FE03,KAPU-TPK-03,Faeces,fe,Kaloula_pulchra,KAPU,892,10-May-22,Tai_Po_Kau,TPK,"22.4279895, 114.1807485",8-Dec-22,8-Dec-22,33.5,PASS,Yes,22-Dec-22,Novogene,NovaSeq_PE250,bacteria,16SV4,H201SC22114090 (X201SC22114090-Z01-F001),25,6.6
KAPU04FE,KAPU-TPK-FE04,KAPU-TPK-04,Faeces,fe,Kaloula_pulchra,KAPU,903,16-May-22,Tai_Po_Kau,TPK,"22.4279895, 114.1807485",9-Dec-22,9-Dec-22,58.6,PASS,Yes,22-Dec-22,Novogene,NovaSeq_PE250,bacteria,16SV4,H201SC22114090 (X201SC22114090-Z01-F001),35,7
KAPU05FE,KAPU-TPK-FE05,KAPU-TPK-05,Faeces,fe,Kaloula_pulchra,KAPU,917,30-May-22,Tai_Po_Kau,TPK,"22.4279895, 114.1807485",9-Dec-22,9-Dec-22,34.1,PASS,Yes,22-Dec-22,Novogene,NovaSeq_PE250,bacteria,16SV4,H201SC22114090 (X201SC22114090-Z01-F001),61,8.3
KAPU06FE,KAPU-TPK-FE06,KAPU-TPK-06,Faeces,fe,Kaloula_pulchra,KAPU,919,30-May-22,Tai_Po_Kau,TPK,"22.4279895, 114.1807485",9-Dec-22,9-Dec-22,58,PASS,Yes,22-Dec-22,Novogene,NovaSeq_PE250,bacteria,16SV4,H201SC22114090 (X201SC22114090-Z01-F001),54,7.2
KAPU20FE,KAPU-TPK-FE20,KAPU-TPK-20,Faeces,fe,Kaloula_pulchra,KAPU,996,24-Apr-23,Tai_Po_Kau,TPK,"22.4279895, 114.1807485",13-Jun-23,13-Jun-23,17.7,PASS,Yes,3-Jul-23,Novogene,NovaSeq_PE250,bacteria,16SV4,H201SC22114090 (X201SC22114090-Z01-F002),50,8.1
KAPU21FE,KAPU-TPK-FE21,KAPU-TPK-21,Faeces,fe,Kaloula_pulchra,KAPU,994,24-Apr-23,Tai_Po_Kau,TPK,"22.4279895, 114.1807485",13-Jun-23,13-Jun-23,35.6,PASS,Yes,3-Jul-23,Novogene,NovaSeq_PE250,bacteria,16SV4,H201SC22114090 (X201SC22114090-Z01-F002),38,6.5
KAPU22FE,KAPU-TPK-FE22,KAPU-TPK-22,Faeces,fe,Kaloula_pulchra,KAPU,995,24-Apr-23,Tai_Po_Kau,TPK,"22.4279895, 114.1807485",13-Jun-23,13-Jun-23,74.7,PASS,Yes,3-Jul-23,Novogene,NovaSeq_PE250,bacteria,16SV4,H201SC22114090 (X201SC22114090-Z01-F002),38,7.9
KAPU23FE,KAPU-TPK-FE23,KAPU-TPK-23,Faeces,fe,Kaloula_pulchra,KAPU,997,24-Apr-23,Tai_Po_Kau,TPK,"22.4279895, 114.1807485",13-Jun-23,13-Jun-23,26.9,PASS,Yes,3-Jul-23,Novogene,NovaSeq_PE250,bacteria,16SV4,H201SC22114090 (X201SC22114090-Z01-F002),63,8.2
KAPU25FE,KAPU-TPK-FE25,KAPU-TPK-25,Faeces,fe,Kaloula_pulchra,KAPU,988,24-Apr-23,Tai_Po_Kau,TPK,"22.4279895, 114.1807485",13-Jun-23,13-Jun-23,46.9,PASS,Yes,3-Jul-23,Novogene,NovaSeq_PE250,bacteria,16SV4,H201SC22114090 (X201SC22114090-Z01-F002),38,7.3
KAPU01LI,KAPU-TPK-LI01,KAPU-TPK-01,Large_intestine,li,Kaloula_pulchra,KAPU,896,10-May-22,Tai_Po_Kau,TPK,"22.4279895, 114.1807485",7-Dec-22,7-Dec-22,500,PASS,Yes,22-Dec-22,Novogene,NovaSeq_PE250,bacteria,16SV4,H201SC22114090 (X201SC22114090-Z01-F001),49,7.8
KAPU02LI,KAPU-TPK-LI02,KAPU-TPK-02,Large_intestine,li,Kaloula_pulchra,KAPU,891,10-May-22,Tai_Po_Kau,TPK,"22.4279895, 114.1807485",7-Dec-22,7-Dec-22,340,PASS,Yes,22-Dec-22,Novogene,NovaSeq_PE250,bacteria,16SV4,H201SC22114090 (X201SC22114090-Z01-F001),35,7.1
KAPU03LI,KAPU-TPK-LI03,KAPU-TPK-03,Large_intestine,li,Kaloula_pulchra,KAPU,892,10-May-22,Tai_Po_Kau,TPK,"22.4279895, 114.1807485",7-Dec-22,7-Dec-22,63.3,PASS,Yes,22-Dec-22,Novogene,NovaSeq_PE250,bacteria,16SV4,H201SC22114090 (X201SC22114090-Z01-F001),25,6.6
KAPU04LI,KAPU-TPK-LI04,KAPU-TPK-04,Large_intestine,li,Kaloula_pulchra,KAPU,903,16-May-22,Tai_Po_Kau,TPK,"22.4279895, 114.1807485",7-Dec-22,7-Dec-22,127,PASS,Yes,22-Dec-22,Novogene,NovaSeq_PE250,bacteria,16SV4,H201SC22114090 (X201SC22114090-Z01-F001),35,7
KAPU05LI,KAPU-TPK-LI05,KAPU-TPK-05,Large_intestine,li,Kaloula_pulchra,KAPU,917,30-May-22,Tai_Po_Kau,TPK,"22.4279895, 114.1807485",7-Dec-22,7-Dec-22,147,PASS,Yes,22-Dec-22,Novogene,NovaSeq_PE250,bacteria,16SV4,H201SC22114090 (X201SC22114090-Z01-F001),61,8.3
KAPU06LI,KAPU-TPK-LI06,KAPU-TPK-06,Large_intestine,li,Kaloula_pulchra,KAPU,919,30-May-22,Tai_Po_Kau,TPK,"22.4279895, 114.1807485",7-Dec-22,7-Dec-22,279,PASS,Yes,22-Dec-22,Novogene,NovaSeq_PE250,bacteria,16SV4,H201SC22114090 (X201SC22114090-Z01-F001),54,7.2
KAPU20LI,KAPU-TPK-LI20,KAPU-TPK-20,Large_intestine,li,Kaloula_pulchra,KAPU,996,24-Apr-23,Tai_Po_Kau,TPK,,13-Jun-23,13-Jun-23,387,PASS,Yes,3-Jul-23,Novogene,NovaSeq_PE250,bacteria,16SV4,H201SC22114090 (X201SC22114090-Z01-F002),50,8.1
KAPU21LI,KAPU-TPK-LI21,KAPU-TPK-21,Large_intestine,li,Kaloula_pulchra,KAPU,994,24-Apr-23,Tai_Po_Kau,TPK,,13-Jun-23,13-Jun-23,69.3,PASS,Yes,3-Jul-23,Novogene,NovaSeq_PE250,bacteria,16SV4,H201SC22114090 (X201SC22114090-Z01-F002),38,6.5
KAPU22LI,KAPU-TPK-LI22,KAPU-TPK-22,Large_intestine,li,Kaloula_pulchra,KAPU,995,24-Apr-23,Tai_Po_Kau,TPK,,13-Jun-23,13-Jun-23,340,PASS,Yes,3-Jul-23,Novogene,NovaSeq_PE250,bacteria,16SV4,H201SC22114090 (X201SC22114090-Z01-F002),38,7.9
KAPU23LI,KAPU-TPK-LI23,KAPU-TPK-23,Large_intestine,li,Kaloula_pulchra,KAPU,997,24-Apr-23,Tai_Po_Kau,TPK,,13-Jun-23,13-Jun-23,487,PASS,Yes,3-Jul-23,Novogene,NovaSeq_PE250,bacteria,16SV4,H201SC22114090 (X201SC22114090-Z01-F002),63,8.2
KAPU24LI,KAPU-TPK-LI24,KAPU-TPK-24,Large_intestine,li,Kaloula_pulchra,KAPU,998,24-Apr-23,Tai_Po_Kau,TPK,,13-Jun-23,13-Jun-23,360,PASS,Yes,3-Jul-23,Novogene,NovaSeq_PE250,bacteria,16SV4,H201SC22114090 (X201SC22114090-Z01-F002),45,7.8
KAPU25LI,KAPU-TPK-LI25,KAPU-TPK-25,Large_intestine,li,Kaloula_pulchra,KAPU,988,24-Apr-23,Tai_Po_Kau,TPK,,13-Jun-23,13-Jun-23,433,PASS,Yes,3-Jul-23,Novogene,NovaSeq_PE250,bacteria,16SV4,H201SC22114090 (X201SC22114090-Z01-F002),38,7.3
KAPU01PF,KAPU-TPK-PF01,KAPU-TPK-01,Pre-faeces,pf,Kaloula_pulchra,KAPU,896,10-May-22,Tai_Po_Kau,TPK,"22.4279895, 114.1807485",12-Dec-22,12-Dec-22,42.8,PASS,Yes,22-Dec-22,Novogene,NovaSeq_PE250,bacteria,16SV4,H201SC22114090 (X201SC22114090-Z01-F001),49,7.8
KAPU02PF,KAPU-TPK-PF02,KAPU-TPK-02,Pre-faeces,pf,Kaloula_pulchra,KAPU,891,10-May-22,Tai_Po_Kau,TPK,"22.4279895, 114.1807485",12-Dec-22,12-Dec-22,37.1,PASS,Yes,22-Dec-22,Novogene,NovaSeq_PE250,bacteria,16SV4,H201SC22114090 (X201SC22114090-Z01-F001),35,7.1
KAPU03PF,KAPU-TPK-PF03,KAPU-TPK-03,Pre-faeces,pf,Kaloula_pulchra,KAPU,892,10-May-22,Tai_Po_Kau,TPK,"22.4279895, 114.1807485",12-Dec-22,12-Dec-22,38.1,PASS,Yes,22-Dec-22,Novogene,NovaSeq_PE250,bacteria,16SV4,H201SC22114090 (X201SC22114090-Z01-F001),25,6.6
KAPU05PF,KAPU-TPK-PF05,KAPU-TPK-05,Pre-faeces,pf,Kaloula_pulchra,KAPU,917,30-May-22,Tai_Po_Kau,TPK,"22.4279895, 114.1807485",12-Dec-22,12-Dec-22,18.4,PASS,Yes,22-Dec-22,Novogene,NovaSeq_PE250,bacteria,16SV4,H201SC22114090 (X201SC22114090-Z01-F001),61,8.3
KAPU06PF,KAPU-TPK-PF06,KAPU-TPK-06,Pre-faeces,pf,Kaloula_pulchra,KAPU,919,30-May-22,Tai_Po_Kau,TPK,"22.4279895, 114.1807485",12-Dec-22,12-Dec-22,21.9,PASS,Yes,22-Dec-22,Novogene,NovaSeq_PE250,bacteria,16SV4,H201SC22114090 (X201SC22114090-Z01-F001),54,7.2
KAPU22PF,KAPU-TPK-PF22,KAPU-TPK-22,Pre-faeces,pf,Kaloula_pulchra,KAPU,995,24-Apr-23,Tai_Po_Kau,TPK,"22.4279895, 114.1807485",13-Jun-23,13-Jun-23,175,PASS,Yes,3-Jul-23,Novogene,NovaSeq_PE250,bacteria,16SV4,H201SC22114090 (X201SC22114090-Z01-F002),38,7.9
KAPU24PF,KAPU-TPK-PF24,KAPU-TPK-24,Pre-faeces,pf,Kaloula_pulchra,KAPU,998,24-Apr-23,Tai_Po_Kau,TPK,"22.4279895, 114.1807485",13-Jun-23,13-Jun-23,44.1,PASS,Yes,3-Jul-23,Novogene,NovaSeq_PE250,bacteria,16SV4,H201SC22114090 (X201SC22114090-Z01-F002),45,7.8
KAPU25PF,KAPU-TPK-PF25,KAPU-TPK-25,Pre-faeces,pf,Kaloula_pulchra,KAPU,988,24-Apr-23,Tai_Po_Kau,TPK,"22.4279895, 114.1807485",13-Jun-23,13-Jun-23,447,PASS,Yes,3-Jul-23,Novogene,NovaSeq_PE250,bacteria,16SV4,H201SC22114090 (X201SC22114090-Z01-F002),38,7.3
KAPU01SI,KAPU-TPK-SI01,KAPU-TPK-01,Small_intestine,si,Kaloula_pulchra,KAPU,896,10-May-22,Tai_Po_Kau,TPK,"22.4279895, 114.1807485",7-Dec-22,7-Dec-22,Out of Range TOO HIGH,PASS,Yes,22-Dec-22,Novogene,NovaSeq_PE250,bacteria,16SV4,H201SC22114090 (X201SC22114090-Z01-F001),49,7.8
KAPU02SI,KAPU-TPK-SI02,KAPU-TPK-02,Small_intestine,si,Kaloula_pulchra,KAPU,891,10-May-22,Tai_Po_Kau,TPK,"22.4279895, 114.1807485",7-Dec-22,7-Dec-22,367,PASS,Yes,22-Dec-22,Novogene,NovaSeq_PE250,bacteria,16SV4,H201SC22114090 (X201SC22114090-Z01-F001),35,7.1
KAPU04SI,KAPU-TPK-SI04,KAPU-TPK-04,Small_intestine,si,Kaloula_pulchra,KAPU,903,16-May-22,Tai_Po_Kau,TPK,"22.4279895, 114.1807485",7-Dec-22,7-Dec-22,453,PASS,Yes,22-Dec-22,Novogene,NovaSeq_PE250,bacteria,16SV4,H201SC22114090 (X201SC22114090-Z01-F001),35,7
KAPU05SI,KAPU-TPK-SI05,KAPU-TPK-05,Small_intestine,si,Kaloula_pulchra,KAPU,917,30-May-22,Tai_Po_Kau,TPK,"22.4279895, 114.1807485",7-Dec-22,7-Dec-22,Out of Range TOO HIGH,PASS,Yes,22-Dec-22,Novogene,NovaSeq_PE250,bacteria,16SV4,H201SC22114090 (X201SC22114090-Z01-F001),61,8.3
KAPU06SI,KAPU-TPK-SI06,KAPU-TPK-06,Small_intestine,si,Kaloula_pulchra,KAPU,919,30-May-22,Tai_Po_Kau,TPK,"22.4279895, 114.1807485",7-Dec-22,7-Dec-22,633,PASS,Yes,22-Dec-22,Novogene,NovaSeq_PE250,bacteria,16SV4,H201SC22114090 (X201SC22114090-Z01-F001),54,7.2
KAPU23SI,KAPU-TPK-SI23,KAPU-TPK-23,Small_intestine,si,Kaloula_pulchra,KAPU,997,24-Apr-23,Tai_Po_Kau,TPK,"22.4279895, 114.1807485",13-Jun-23,13-Jun-23,653,PASS,Yes,3-Jul-23,Novogene,NovaSeq_PE250,bacteria,16SV4,H201SC22114090 (X201SC22114090-Z01-F002),63,8.2
KAPU25SI,KAPU-TPK-SI25,KAPU-TPK-25,Small_intestine,si,Kaloula_pulchra,KAPU,988,24-Apr-23,Tai_Po_Kau,TPK,"22.4279895, 114.1807485",13-Jun-23,13-Jun-23,500,PASS,Yes,3-Jul-23,Novogene,NovaSeq_PE250,bacteria,16SV4,H201SC22114090 (X201SC22114090-Z01-F002),38,7.3
MEBR01FE,MEBR-PFL-FE01,MEBR-PFL-01,Faeces,fe,Megophrys_brachykolos,MEBR,961,8-Sep-22,Pok_Fu_Lam,PFL,"22.268751, 114.150482",9-Dec-22,9-Dec-22,11.5,PASS,Yes,22-Dec-22,Novogene,NovaSeq_PE250,bacteria,16SV4,H201SC22114090 (X201SC22114090-Z01-F001),4,5
MEBR03FE,MEBR-PFL-FE03,MEBR-PFL-03,Faeces,fe,Megophrys_brachykolos,MEBR,963,8-Sep-22,Pok_Fu_Lam,PFL,"22.268751, 114.150482",9-Dec-22,9-Dec-22,17.1,PASS,Yes,22-Dec-22,Novogene,NovaSeq_PE250,bacteria,16SV4,H201SC22114090 (X201SC22114090-Z01-F001),5,4.1
MEBR05FE,MEBR-PFL-FE05,MEBR-PFL-05,Faeces,fe,Megophrys_brachykolos,MEBR,967,8-Sep-22,Pok_Fu_Lam,PFL,"22.268751, 114.150482",9-Dec-22,9-Dec-22,73.3,PASS,Yes,22-Dec-22,Novogene,NovaSeq_PE250,bacteria,16SV4,H201SC22114090 (X201SC22114090-Z01-F001),5,3.8
MEBR08FE,MEBR-PFL-FE08,MEBR-PFL-08,Faeces,fe,Megophrys_brachykolos,MEBR,967,13-Sep-22,Pok_Fu_Lam,PFL,"22.268751, 114.150482",9-Dec-22,9-Dec-22,30.6,PASS,Yes,22-Dec-22,Novogene,NovaSeq_PE250,bacteria,16SV4,H201SC22114090 (X201SC22114090-Z01-F001),5,3.8
MEBR09FE,MEBR-PFL-FE09,MEBR-PFL-09,Faeces,fe,Megophrys_brachykolos,MEBR,964,13-Sep-22,Pok_Fu_Lam,PFL,"22.268751, 114.150482",9-Dec-22,9-Dec-22,11.5,PASS,Yes,22-Dec-22,Novogene,NovaSeq_PE250,bacteria,16SV4,H201SC22114090 (X201SC22114090-Z01-F001),4,3.9
MEBR10FE,MEBR-PFL-FE10,MEBR-PFL-10,Faeces,fe,Megophrys_brachykolos,MEBR,966,13-Sep-22,Pok_Fu_Lam,PFL,"22.268751, 114.150482",9-Dec-22,9-Dec-22,26.7,PASS,Yes,22-Dec-22,Novogene,NovaSeq_PE250,bacteria,16SV4,H201SC22114090 (X201SC22114090-Z01-F001),5,4
MEBR01LI,MEBR-PFL-LI01,MEBR-PFL-01,Large_intestine,li,Megophrys_brachykolos,MEBR,961,8-Sep-22,Pok_Fu_Lam,PFL,"22.268751, 114.150482",5-Dec-22,5-Dec-22,11.3,PASS,Yes,22-Dec-22,Novogene,NovaSeq_PE250,bacteria,16SV4,H201SC22114090 (X201SC22114090-Z01-F001),4,5
MEBR02LI,MEBR-PFL-LI02,MEBR-PFL-02,Large_intestine,li,Megophrys_brachykolos,MEBR,962,8-Sep-22,Pok_Fu_Lam,PFL,"22.268751, 114.150482",5-Dec-22,5-Dec-22,274,PASS,Yes,22-Dec-22,Novogene,NovaSeq_PE250,bacteria,16SV4,H201SC22114090 (X201SC22114090-Z01-F001),3.9,4
MEBR03LI,MEBR-PFL-LI03,MEBR-PFL-03,Large_intestine,li,Megophrys_brachykolos,MEBR,963,8-Sep-22,Pok_Fu_Lam,PFL,"22.268751, 114.150482",5-Dec-22,5-Dec-22,319,PASS,Yes,22-Dec-22,Novogene,NovaSeq_PE250,bacteria,16SV4,H201SC22114090 (X201SC22114090-Z01-F001),5,4.1
MEBR05LI,MEBR-PFL-LI05,MEBR-PFL-05,Large_intestine,li,Megophrys_brachykolos,MEBR,967,13-Sep-22,Pok_Fu_Lam,PFL,"22.268751, 114.150482",5-Dec-22,5-Dec-22,237,PASS,Yes,22-Dec-22,Novogene,NovaSeq_PE250,bacteria,16SV4,H201SC22114090 (X201SC22114090-Z01-F001),5,3.8
MEBR06LI,MEBR-PFL-LI06,MEBR-PFL-06,Large_intestine,li,Megophrys_brachykolos,MEBR,971,13-Sep-22,Pok_Fu_Lam,PFL,"22.268751, 114.150482",5-Dec-22,5-Dec-22,300,PASS,Yes,22-Dec-22,Novogene,NovaSeq_PE250,bacteria,16SV4,H201SC22114090 (X201SC22114090-Z01-F001),6,3.8
MEBR07LI,MEBR-PFL-LI07,MEBR-PFL-07,Large_intestine,li,Megophrys_brachykolos,MEBR,970,13-Sep-22,Pok_Fu_Lam,PFL,"22.268751, 114.150482",5-Dec-22,5-Dec-22,252,PASS,Yes,22-Dec-22,Novogene,NovaSeq_PE250,bacteria,16SV4,H201SC22114090 (X201SC22114090-Z01-F001),5,3.6
MEBR08LI,MEBR-PFL-LI08,MEBR-PFL-08,Large_intestine,li,Megophrys_brachykolos,MEBR,965,13-Sep-22,Pok_Fu_Lam,PFL,"22.268751, 114.150482",5-Dec-22,5-Dec-22,347,PASS,Yes,22-Dec-22,Novogene,NovaSeq_PE250,bacteria,16SV4,H201SC22114090 (X201SC22114090-Z01-F001),6,3.9
MEBR09LI,MEBR-PFL-LI09,MEBR-PFL-09,Large_intestine,li,Megophrys_brachykolos,MEBR,964,13-Sep-22,Pok_Fu_Lam,PFL,"22.268751, 114.150482",5-Dec-22,5-Dec-22,333,PASS,Yes,22-Dec-22,Novogene,NovaSeq_PE250,bacteria,16SV4,H201SC22114090 (X201SC22114090-Z01-F001),4,3.9
MEBR10LI,MEBR-PFL-LI10,MEBR-PFL-10,Large_intestine,li,Megophrys_brachykolos,MEBR,966,13-Sep-22,Pok_Fu_Lam,PFL,"22.268751, 114.150482",5-Dec-22,5-Dec-22,319,PASS,Yes,22-Dec-22,Novogene,NovaSeq_PE250,bacteria,16SV4,H201SC22114090 (X201SC22114090-Z01-F001),5,4
MEBR11LI,MEBR-PFL-LI11,MEBR-PFL-11,Large_intestine,li,Megophrys_brachykolos,MEBR,969,13-Sep-22,Pok_Fu_Lam,PFL,"22.268751, 114.150482",5-Dec-22,5-Dec-22,292,PASS,Yes,22-Dec-22,Novogene,NovaSeq_PE250,bacteria,16SV4,H201SC22114090 (X201SC22114090-Z01-F001),4,3.9
MEBR02PF,MEBR-PFL-PF02,MEBR-PFL-02,Pre-faeces,pf,Megophrys_brachykolos,MEBR,962,8-Sep-22,Pok_Fu_Lam,PFL,"22.268751, 114.150482",17-Dec-22,17-Dec-22,32.5,PASS,Yes,22-Dec-22,Novogene,NovaSeq_PE250,bacteria,16SV4,H201SC22114090 (X201SC22114090-Z01-F001),3.9,4
MEBR04PF,MEBR-PFL-PF04,MEBR-PFL-04,Pre-faeces,pf,Megophrys_brachykolos,MEBR,968,13-Sep-22,Pok_Fu_Lam,PFL,"22.268751, 114.150482",17-Dec-22,17-Dec-22,55.3,PASS,Yes,22-Dec-22,Novogene,NovaSeq_PE250,bacteria,16SV4,H201SC22114090 (X201SC22114090-Z01-F001),5,4.2
MEBR06PF,MEBR-PFL-PF06,MEBR-PFL-06,Pre-faeces,pf,Megophrys_brachykolos,MEBR,971,13-Sep-22,Pok_Fu_Lam,PFL,"22.268751, 114.150482",17-Dec-22,17-Dec-22,23.2,PASS,Yes,22-Dec-22,Novogene,NovaSeq_PE250,bacteria,16SV4,H201SC22114090 (X201SC22114090-Z01-F001),6,3.8
MEBR11PF,MEBR-PFL-PF11,MEBR-PFL-11,Pre-faeces,pf,Megophrys_brachykolos,MEBR,969,13-Sep-22,Pok_Fu_Lam,PFL,"22.268751, 114.150482",17-Dec-22,17-Dec-22,30.3,PASS,Yes,22-Dec-22,Novogene,NovaSeq_PE250,bacteria,16SV4,H201SC22114090 (X201SC22114090-Z01-F001),4,3.9
MEBR01SI,MEBR-PFL-SI01,MEBR-PFL-01,Small_intestine,si,Megophrys_brachykolos,MEBR,961,8-Sep-22,Pok_Fu_Lam,PFL,"22.268751, 114.150482",7-Dec-22,7-Dec-22,187,PASS,Yes,22-Dec-22,Novogene,NovaSeq_PE250,bacteria,16SV4,H201SC22114090 (X201SC22114090-Z01-F001),4,5
MEBR02SI,MEBR-PFL-SI02,MEBR-PFL-02,Small_intestine,si,Megophrys_brachykolos,MEBR,962,8-Sep-22,Pok_Fu_Lam,PFL,"22.268751, 114.150482",7-Dec-22,7-Dec-22,257,PASS,Yes,22-Dec-22,Novogene,NovaSeq_PE250,bacteria,16SV4,H201SC22114090 (X201SC22114090-Z01-F001),3.9,4
MEBR03SI,MEBR-PFL-SI03,MEBR-PFL-03,Small_intestine,si,Megophrys_brachykolos,MEBR,963,8-Sep-22,Pok_Fu_Lam,PFL,"22.268751, 114.150482",7-Dec-22,7-Dec-22,266,PASS,Yes,22-Dec-22,Novogene,NovaSeq_PE250,bacteria,16SV4,H201SC22114090 (X201SC22114090-Z01-F001),5,4.1
MEBR04SI,MEBR-PFL-SI04,MEBR-PFL-04,Small_intestine,si,Megophrys_brachykolos,MEBR,968,13-Sep-22,Pok_Fu_Lam,PFL,"22.268751, 114.150482",7-Dec-22,7-Dec-22,136,PASS,Yes,22-Dec-22,Novogene,NovaSeq_PE250,bacteria,16SV4,H201SC22114090 (X201SC22114090-Z01-F001),5,4.2
MEBR06SI,MEBR-PFL-SI06,MEBR-PFL-06,Small_intestine,si,Megophrys_brachykolos,MEBR,971,13-Sep-22,Pok_Fu_Lam,PFL,"22.268751, 114.150482",7-Dec-22,7-Dec-22,487,PASS,Yes,22-Dec-22,Novogene,NovaSeq_PE250,bacteria,16SV4,H201SC22114090 (X201SC22114090-Z01-F001),6,3.8
MEBR07SI,MEBR-PFL-SI07,MEBR-PFL-07,Small_intestine,si,Megophrys_brachykolos,MEBR,970,13-Sep-22,Pok_Fu_Lam,PFL,"22.268751, 114.150482",7-Dec-22,7-Dec-22,296,PASS,Yes,22-Dec-22,Novogene,NovaSeq_PE250,bacteria,16SV4,H201SC22114090 (X201SC22114090-Z01-F001),5,3.6
MEBR08SI,MEBR-PFL-SI08,MEBR-PFL-08,Small_intestine,si,Megophrys_brachykolos,MEBR,965,13-Sep-22,Pok_Fu_Lam,PFL,"22.268751, 114.150482",7-Dec-22,7-Dec-22,236,PASS,Yes,22-Dec-22,Novogene,NovaSeq_PE250,bacteria,16SV4,H201SC22114090 (X201SC22114090-Z01-F001),6,3.9
MEBR09SI,MEBR-PFL-SI09,MEBR-PFL-09,Small_intestine,si,Megophrys_brachykolos,MEBR,964,13-Sep-22,Pok_Fu_Lam,PFL,"22.268751, 114.150482",7-Dec-22,7-Dec-22,199,PASS,Yes,22-Dec-22,Novogene,NovaSeq_PE250,bacteria,16SV4,H201SC22114090 (X201SC22114090-Z01-F001),4,3.9
MEBR10SI,MEBR-PFL-SI10,MEBR-PFL-10,Small_intestine,si,Megophrys_brachykolos,MEBR,966,13-Sep-22,Pok_Fu_Lam,PFL,"22.268751, 114.150482",7-Dec-22,7-Dec-22,380,PASS,Yes,22-Dec-22,Novogene,NovaSeq_PE250,bacteria,16SV4,H201SC22114090 (X201SC22114090-Z01-F001),5,4
MEBR11SI,MEBR-PFL-SI11,MEBR-PFL-11,Small_intestine,si,Megophrys_brachykolos,MEBR,969,13-Sep-22,Pok_Fu_Lam,PFL,"22.268751, 114.150482",7-Dec-22,7-Dec-22,177,PASS,Yes,22-Dec-22,Novogene,NovaSeq_PE250,bacteria,16SV4,H201SC22114090 (X201SC22114090-Z01-F001),4,3.9
PAHO01FE,PAHO-TPK-FE01,PAHO-TPK-01,Faeces,fe,Paramesotriton_hongkongensis,PAHO,902,16-May-22,Tai_Po_Kau,TPK,"22.4279895, 114.1807485",9-Dec-22,9-Dec-22,28.5,PASS,Yes,22-Dec-22,Novogene,NovaSeq_PE250,bacteria,16SV4,H201SC22114090 (X201SC22114090-Z01-F001),16,6.9
PAHO03FE,PAHO-TPK-FE03,PAHO-TPK-03,Faeces,fe,Paramesotriton_hongkongensis,PAHO,953,30-Aug-22,Tai_Po_Kau,TPK,"22.4279895, 114.1807485",9-Dec-22,9-Dec-22,12,PASS,Yes,22-Dec-22,Novogene,NovaSeq_PE250,bacteria,16SV4,H201SC22114090 (X201SC22114090-Z01-F001),12,7
PAHO07FE,PAHO-TPK-FE07,PAHO-TPK-07,Faeces,fe,Paramesotriton_hongkongensis,PAHO,954,30-Aug-22,Tai_Po_Kau,TPK,"22.4279895, 114.1807485",9-Dec-22,9-Dec-22,17.9,PASS,Yes,22-Dec-22,Novogene,NovaSeq_PE250,bacteria,16SV4,H201SC22114090 (X201SC22114090-Z01-F001),9,6.5
PAHO01LI,PAHO-TPK-LI01,PAHO-TPK-01,Large_intestine,li,Paramesotriton_hongkongensis,PAHO,902,16-May-22,Tai_Po_Kau,TPK,"22.4279895, 114.1807485",5-Dec-22,5-Dec-22,380,PASS,Yes,22-Dec-22,Novogene,NovaSeq_PE250,bacteria,16SV4,H201SC22114090 (X201SC22114090-Z01-F001),16,6.9
PAHO02LI,PAHO-TPK-LI02,PAHO-TPK-02,Large_intestine,li,Paramesotriton_hongkongensis,PAHO,945,19-Jul-22,Tai_Po_Kau,TPK,"22.4279895, 114.1807485",5-Dec-22,5-Dec-22,Out of Range TOO HIGH,PASS,Yes,22-Dec-22,Novogene,NovaSeq_PE250,bacteria,16SV4,H201SC22114090 (X201SC22114090-Z01-F001),13,6.8
PAHO03LI,PAHO-TPK-LI03,PAHO-TPK-03,Large_intestine,li,Paramesotriton_hongkongensis,PAHO,953,30-Aug-22,Tai_Po_Kau,TPK,"22.4279895, 114.1807485",5-Dec-22,5-Dec-22,Out of Range TOO HIGH,PASS,Yes,22-Dec-22,Novogene,NovaSeq_PE250,bacteria,16SV4,H201SC22114090 (X201SC22114090-Z01-F001),12,7
PAHO04LI,PAHO-TPK-LI04,PAHO-TPK-04,Large_intestine,li,Paramesotriton_hongkongensis,PAHO,956,30-Aug-22,Tai_Po_Kau,TPK,"22.4279895, 114.1807485",5-Dec-22,5-Dec-22,413,PASS,Yes,22-Dec-22,Novogene,NovaSeq_PE250,bacteria,16SV4,H201SC22114090 (X201SC22114090-Z01-F001),9,6.6
PAHO06LI,PAHO-TPK-LI06,PAHO-TPK-06,Large_intestine,li,Paramesotriton_hongkongensis,PAHO,958,30-Aug-22,Tai_Po_Kau,TPK,"22.4279895, 114.1807485",5-Dec-22,5-Dec-22,573,PASS,Yes,22-Dec-22,Novogene,NovaSeq_PE250,bacteria,16SV4,H201SC22114090 (X201SC22114090-Z01-F001),10,6.8
PAHO07LI,PAHO-TPK-LI07,PAHO-TPK-07,Large_intestine,li,Paramesotriton_hongkongensis,PAHO,954,30-Aug-22,Tai_Po_Kau,TPK,"22.4279895, 114.1807485",5-Dec-22,5-Dec-22,480,PASS,Yes,22-Dec-22,Novogene,NovaSeq_PE250,bacteria,16SV4,H201SC22114090 (X201SC22114090-Z01-F001),9,6.5
PAHO08LI,PAHO-TPK-LI08,PAHO-TPK-08,Large_intestine,li,Paramesotriton_hongkongensis,PAHO,976,16-Nov-22,Tai_Po_Kau,TPK,"22.4279895, 114.1807485",5-Dec-22,5-Dec-22,Out of Range TOO HIGH,PASS,Yes,22-Dec-22,Novogene,NovaSeq_PE250,bacteria,16SV4,H201SC22114090 (X201SC22114090-Z01-F001),9,6.3
PAHO09LI,PAHO-TPK-LI09,PAHO-TPK-09,Large_intestine,li,Paramesotriton_hongkongensis,PAHO,977,16-Nov-22,Tai_Po_Kau,TPK,"22.4279895, 114.1807485",5-Dec-22,5-Dec-22,560,PASS,Yes,22-Dec-22,Novogene,NovaSeq_PE250,bacteria,16SV4,H201SC22114090 (X201SC22114090-Z01-F001),9,6.5
PAHO10LI,PAHO-TPK-LI10,PAHO-TPK-10,Large_intestine,li,Paramesotriton_hongkongensis,PAHO,978,16-Nov-22,Tai_Po_Kau,TPK,"22.4279895, 114.1807485",5-Dec-22,5-Dec-22,Out of Range TOO HIGH,PASS,Yes,22-Dec-22,Novogene,NovaSeq_PE250,bacteria,16SV4,H201SC22114090 (X201SC22114090-Z01-F001),9,6.2
PAHO11LI,PAHO-TPK-LI11,PAHO-TPK-11,Large_intestine,li,Paramesotriton_hongkongensis,PAHO,979,16-Nov-22,Tai_Po_Kau,TPK,"22.4279895, 114.1807485",5-Dec-22,5-Dec-22,433,PASS,Yes,22-Dec-22,Novogene,NovaSeq_PE250,bacteria,16SV4,H201SC22114090 (X201SC22114090-Z01-F001),10,7
PAHO12LI,PAHO-TPK-LI12,PAHO-TPK-12,Large_intestine,li,Paramesotriton_hongkongensis,PAHO,980,16-Nov-22,Tai_Po_Kau,TPK,"22.4279895, 114.1807485",5-Dec-22,5-Dec-22,440,PASS,Yes,22-Dec-22,Novogene,NovaSeq_PE250,bacteria,16SV4,H201SC22114090 (X201SC22114090-Z01-F001),8,6.4
PAHO13LI,PAHO-TPK-LI13,PAHO-TPK-13,Large_intestine,li,Paramesotriton_hongkongensis,PAHO,975,16-Nov-22,Tai_Po_Kau,TPK,"22.4279895, 114.1807485",5-Dec-22,5-Dec-22,653,PASS,Yes,22-Dec-22,Novogene,NovaSeq_PE250,bacteria,16SV4,H201SC22114090 (X201SC22114090-Z01-F001),8,6.4
PAHO01PF,PAHO-TPK-PF01,PAHO-TPK-01,Pre-faeces,pf,Paramesotriton_hongkongensis,PAHO,902,16-May-22,Tai_Po_Kau,TPK,"22.4279895, 114.1807485",12-Dec-22,12-Dec-22,31.7,PASS,Yes,22-Dec-22,Novogene,NovaSeq_PE250,bacteria,16SV4,H201SC22114090 (X201SC22114090-Z01-F001),16,6.9
PAHO02PF,PAHO-TPK-PF02,PAHO-TPK-02,Pre-faeces,pf,Paramesotriton_hongkongensis,PAHO,945,19-Jul-22,Tai_Po_Kau,TPK,"22.4279895, 114.1807485",12-Dec-22,12-Dec-22,170,PASS,Yes,22-Dec-22,Novogene,NovaSeq_PE250,bacteria,16SV4,H201SC22114090 (X201SC22114090-Z01-F001),13,6.8
PAHO03PF,PAHO-TPK-PF03,PAHO-TPK-03,Pre-faeces,pf,Paramesotriton_hongkongensis,PAHO,953,30-Aug-22,Tai_Po_Kau,TPK,"22.4279895, 114.1807485",12-Dec-22,12-Dec-22,264,PASS,Yes,22-Dec-22,Novogene,NovaSeq_PE250,bacteria,16SV4,H201SC22114090 (X201SC22114090-Z01-F001),12,7
PAHO04PF,PAHO-TPK-PF04,PAHO-TPK-04,Pre-faeces,pf,Paramesotriton_hongkongensis,PAHO,956,30-Aug-22,Tai_Po_Kau,TPK,"22.4279895, 114.1807485",12-Dec-22,12-Dec-22,91.3,PASS,Yes,22-Dec-22,Novogene,NovaSeq_PE250,bacteria,16SV4,H201SC22114090 (X201SC22114090-Z01-F001),9,6.6
PAHO05PF,PAHO-TPK-PF05,PAHO-TPK-05,Pre-faeces,pf,Paramesotriton_hongkongensis,PAHO,957,30-Aug-22,Tai_Po_Kau,TPK,"22.4279895, 114.1807485",12-Dec-22,12-Dec-22,55.7,PASS,Yes,22-Dec-22,Novogene,NovaSeq_PE250,bacteria,16SV4,H201SC22114090 (X201SC22114090-Z01-F001),10,6.6
PAHO06PF,PAHO-TPK-PF06,PAHO-TPK-06,Pre-faeces,pf,Paramesotriton_hongkongensis,PAHO,958,30-Aug-22,Tai_Po_Kau,TPK,"22.4279895, 114.1807485",12-Dec-22,12-Dec-22,420,PASS,Yes,22-Dec-22,Novogene,NovaSeq_PE250,bacteria,16SV4,H201SC22114090 (X201SC22114090-Z01-F001),10,6.8
PAHO07PF,PAHO-TPK-PF07,PAHO-TPK-07,Pre-faeces,pf,Paramesotriton_hongkongensis,PAHO,954,30-Aug-22,Tai_Po_Kau,TPK,"22.4279895, 114.1807485",12-Dec-22,12-Dec-22,44.8,PASS,Yes,22-Dec-22,Novogene,NovaSeq_PE250,bacteria,16SV4,H201SC22114090 (X201SC22114090-Z01-F001),9,6.5
PAHO08PF,PAHO-TPK-PF08,PAHO-TPK-08,Pre-faeces,pf,Paramesotriton_hongkongensis,PAHO,976,16-Nov-22,Tai_Po_Kau,TPK,"22.4279895, 114.1807485",17-Dec-22,17-Dec-22,42.1,PASS,Yes,22-Dec-22,Novogene,NovaSeq_PE250,bacteria,16SV4,H201SC22114090 (X201SC22114090-Z01-F001),9,6.3
PAHO09PF,PAHO-TPK-PF09,PAHO-TPK-09,Pre-faeces,pf,Paramesotriton_hongkongensis,PAHO,977,16-Nov-22,Tai_Po_Kau,TPK,"22.4279895, 114.1807485",12-Dec-22,12-Dec-22,11.1,PASS,Yes,22-Dec-22,Novogene,NovaSeq_PE250,bacteria,16SV4,H201SC22114090 (X201SC22114090-Z01-F001),9,6.5
PAHO10PF,PAHO-TPK-PF10,PAHO-TPK-10,Pre-faeces,pf,Paramesotriton_hongkongensis,PAHO,978,16-Nov-22,Tai_Po_Kau,TPK,"22.4279895, 114.1807485",12-Dec-22,12-Dec-22,52.5,PASS,Yes,22-Dec-22,Novogene,NovaSeq_PE250,bacteria,16SV4,H201SC22114090 (X201SC22114090-Z01-F001),9,6.2
PAHO11PF,PAHO-TPK-PF11,PAHO-TPK-11,Pre-faeces,pf,Paramesotriton_hongkongensis,PAHO,979,16-Nov-22,Tai_Po_Kau,TPK,"22.4279895, 114.1807485",12-Dec-22,12-Dec-22,167,PASS,Yes,22-Dec-22,Novogene,NovaSeq_PE250,bacteria,16SV4,H201SC22114090 (X201SC22114090-Z01-F001),10,7
PAHO12PF,PAHO-TPK-PF12,PAHO-TPK-12,Pre-faeces,pf,Paramesotriton_hongkongensis,PAHO,980,16-Nov-22,Tai_Po_Kau,TPK,"22.4279895, 114.1807485",12-Dec-22,12-Dec-22,326,PASS,Yes,22-Dec-22,Novogene,NovaSeq_PE250,bacteria,16SV4,H201SC22114090 (X201SC22114090-Z01-F001),8,6.4
PAHO13PF,PAHO-TPK-PF13,PAHO-TPK-13,Pre-faeces,pf,Paramesotriton_hongkongensis,PAHO,975,16-Nov-22,Tai_Po_Kau,TPK,"22.4279895, 114.1807485",12-Dec-22,12-Dec-22,43.3,PASS,Yes,22-Dec-22,Novogene,NovaSeq_PE250,bacteria,16SV4,H201SC22114090 (X201SC22114090-Z01-F001),8,6.4
PAHO01SI,PAHO-TPK-SI01,PAHO-TPK-01,Small_intestine,si,Paramesotriton_hongkongensis,PAHO,902,16-May-22,Tai_Po_Kau,TPK,"22.4279895, 114.1807485",7-Dec-22,7-Dec-22,279,PASS,Yes,22-Dec-22,Novogene,NovaSeq_PE250,bacteria,16SV4,H201SC22114090 (X201SC22114090-Z01-F001),16,6.9
PAHO02SI,PAHO-TPK-SI02,PAHO-TPK-02,Small_intestine,si,Paramesotriton_hongkongensis,PAHO,945,19-Jul-22,Tai_Po_Kau,TPK,"22.4279895, 114.1807485",7-Dec-22,7-Dec-22,613,PASS,Yes,22-Dec-22,Novogene,NovaSeq_PE250,bacteria,16SV4,H201SC22114090 (X201SC22114090-Z01-F001),13,6.8
PAHO03SI,PAHO-TPK-SI03,PAHO-TPK-03,Small_intestine,si,Paramesotriton_hongkongensis,PAHO,953,30-Aug-22,Tai_Po_Kau,TPK,"22.4279895, 114.1807485",7-Dec-22,7-Dec-22,613,PASS,Yes,22-Dec-22,Novogene,NovaSeq_PE250,bacteria,16SV4,H201SC22114090 (X201SC22114090-Z01-F001),12,7
PAHO06SI,PAHO-TPK-SI06,PAHO-TPK-06,Small_intestine,si,Paramesotriton_hongkongensis,PAHO,958,30-Aug-22,Tai_Po_Kau,TPK,"22.4279895, 114.1807485",7-Dec-22,7-Dec-22,547,PASS,Yes,22-Dec-22,Novogene,NovaSeq_PE250,bacteria,16SV4,H201SC22114090 (X201SC22114090-Z01-F001),10,6.8
PAHO07SI,PAHO-TPK-SI07,PAHO-TPK-07,Small_intestine,si,Paramesotriton_hongkongensis,PAHO,954,30-Aug-22,Tai_Po_Kau,TPK,"22.4279895, 114.1807485",7-Dec-22,7-Dec-22,513,PASS,Yes,22-Dec-22,Novogene,NovaSeq_PE250,bacteria,16SV4,H201SC22114090 (X201SC22114090-Z01-F001),9,6.5
PAHO08SI,PAHO-TPK-SI08,PAHO-TPK-08,Small_intestine,si,Paramesotriton_hongkongensis,PAHO,976,16-Nov-22,Tai_Po_Kau,TPK,"22.4279895, 114.1807485",7-Dec-22,7-Dec-22,327,PASS,Yes,22-Dec-22,Novogene,NovaSeq_PE250,bacteria,16SV4,H201SC22114090 (X201SC22114090-Z01-F001),9,6.3
PAHO09SI,PAHO-TPK-SI09,PAHO-TPK-09,Small_intestine,si,Paramesotriton_hongkongensis,PAHO,977,16-Nov-22,Tai_Po_Kau,TPK,"22.4279895, 114.1807485",7-Dec-22,7-Dec-22,256,PASS,Yes,22-Dec-22,Novogene,NovaSeq_PE250,bacteria,16SV4,H201SC22114090 (X201SC22114090-Z01-F001),9,6.5
PAHO10SI,PAHO-TPK-SI10,PAHO-TPK-10,Small_intestine,si,Paramesotriton_hongkongensis,PAHO,978,16-Nov-22,Tai_Po_Kau,TPK,"22.4279895, 114.1807485",7-Dec-22,7-Dec-22,Out of Range TOO HIGH,PASS,Yes,22-Dec-22,Novogene,NovaSeq_PE250,bacteria,16SV4,H201SC22114090 (X201SC22114090-Z01-F001),9,6.2
PAHO12SI,PAHO-TPK-SI12,PAHO-TPK-12,Small_intestine,si,Paramesotriton_hongkongensis,PAHO,980,16-Nov-22,Tai_Po_Kau,TPK,"22.4279895, 114.1807485",7-Dec-22,7-Dec-22,560,PASS,Yes,22-Dec-22,Novogene,NovaSeq_PE250,bacteria,16SV4,H201SC22114090 (X201SC22114090-Z01-F001),8,6.4
PAHO13SI,PAHO-TPK-SI13,PAHO-TPK-13,Small_intestine,si,Paramesotriton_hongkongensis,PAHO,975,16-Nov-22,Tai_Po_Kau,TPK,"22.4279895, 114.1807485",7-Dec-22,7-Dec-22,340,PASS,Yes,22-Dec-22,Novogene,NovaSeq_PE250,bacteria,16SV4,H201SC22114090 (X201SC22114090-Z01-F001),8,6.4
POME01FE,POME-TPK-FE01,POME-TPK-01,Faeces,fe,Polypedates_megacephalus,POME,888,10-May-22,Tai_Po_Kau,TPK,"22.4279895, 114.1807485",8-Dec-22,8-Dec-22,18.4,PASS,Yes,22-Dec-22,Novogene,NovaSeq_PE250,bacteria,16SV4,H201SC22114090 (X201SC22114090-Z01-F001),5,4.6
POME03FE,POME-TPK-FE03,POME-TPK-03,Faeces,fe,Polypedates_megacephalus,POME,889,10-May-22,Tai_Po_Kau,TPK,"22.4279895, 114.1807485",8-Dec-22,8-Dec-22,17.4,PASS,Yes,22-Dec-22,Novogene,NovaSeq_PE250,bacteria,16SV4,H201SC22114090 (X201SC22114090-Z01-F001),6,4.8
POME04FE,POME-TPK-FE04,POME-TPK-04,Faeces,fe,Polypedates_megacephalus,POME,908,24-May-22,Tai_Po_Kau,TPK,"22.4279895, 114.1807485",8-Dec-22,8-Dec-22,13.6,PASS,Yes,22-Dec-22,Novogene,NovaSeq_PE250,bacteria,16SV4,H201SC22114090 (X201SC22114090-Z01-F001),9,5.2
POME06FE,POME-TPK-FE06,POME-TPK-06,Faeces,fe,Polypedates_megacephalus,POME,907,24-May-22,Tai_Po_Kau,TPK,"22.4279895, 114.1807485",8-Dec-22,8-Dec-22,48.2,PASS,Yes,22-Dec-22,Novogene,NovaSeq_PE250,bacteria,16SV4,H201SC22114090 (X201SC22114090-Z01-F001),6,4.9
POME07FE,POME-TPK-FE07,POME-TPK-07,Faeces,fe,Polypedates_megacephalus,POME,920,30-May-22,Tai_Po_Kau,TPK,"22.4279895, 114.1807485",8-Dec-22,8-Dec-22,39.6,PASS,Yes,22-Dec-22,Novogene,NovaSeq_PE250,bacteria,16SV4,H201SC22114090 (X201SC22114090-Z01-F001),5,4.6
POME10FE,POME-TPK-FE10,POME-TPK-10,Faeces,fe,Polypedates_megacephalus,POME,928,30-May-22,Tai_Po_Kau,TPK,"22.4279895, 114.1807485",8-Dec-22,8-Dec-22,21.5,PASS,Yes,22-Dec-22,Novogene,NovaSeq_PE250,bacteria,16SV4,H201SC22114090 (X201SC22114090-Z01-F001),6,5
POME12FE,POME-TPK-FE12,POME-TPK-12,Faeces,fe,Polypedates_megacephalus,POME,929,30-May-22,Tai_Po_Kau,TPK,"22.4279895, 114.1807485",8-Dec-22,8-Dec-22,64.2,PASS,Yes,22-Dec-22,Novogene,NovaSeq_PE250,bacteria,16SV4,H201SC22114090 (X201SC22114090-Z01-F001),4,4.4
POME01LI,POME-TPK-LI01,POME-TPK-01,Large_intestine,li,Polypedates_megacephalus,POME,888,10-May-22,Tai_Po_Kau,TPK,"22.4279895, 114.1807485",3-Dec-22,3-Dec-22,231,PASS,Yes,22-Dec-22,Novogene,NovaSeq_PE250,bacteria,16SV4,H201SC22114090 (X201SC22114090-Z01-F001),5,4.6
POME02LI,POME-TPK-LI02,POME-TPK-02,Large_intestine,li,Polypedates_megacephalus,POME,897,10-May-22,Tai_Po_Kau,TPK,"22.4279895, 114.1807485",3-Dec-22,3-Dec-22,400,PASS,Yes,22-Dec-22,Novogene,NovaSeq_PE250,bacteria,16SV4,H201SC22114090 (X201SC22114090-Z01-F001),7,4.7
POME03LI,POME-TPK-LI03,POME-TPK-03,Large_intestine,li,Polypedates_megacephalus,POME,889,10-May-22,Tai_Po_Kau,TPK,"22.4279895, 114.1807485",3-Dec-22,3-Dec-22,333,PASS,Yes,22-Dec-22,Novogene,NovaSeq_PE250,bacteria,16SV4,H201SC22114090 (X201SC22114090-Z01-F001),6,4.8
POME05LI,POME-TPK-LI05,POME-TPK-05,Large_intestine,li,Polypedates_megacephalus,POME,915,24-May-22,Tai_Po_Kau,TPK,"22.4279895, 114.1807485",3-Dec-22,3-Dec-22,607,PASS,Yes,22-Dec-22,Novogene,NovaSeq_PE250,bacteria,16SV4,H201SC22114090 (X201SC22114090-Z01-F001),22,6.5
POME06LI,POME-TPK-LI06,POME-TPK-06,Large_intestine,li,Polypedates_megacephalus,POME,907,24-May-22,Tai_Po_Kau,TPK,"22.4279895, 114.1807485",3-Dec-22,3-Dec-22,347,PASS,Yes,22-Dec-22,Novogene,NovaSeq_PE250,bacteria,16SV4,H201SC22114090 (X201SC22114090-Z01-F001),6,4.9
POME07LI,POME-TPK-LI07,POME-TPK-07,Large_intestine,li,Polypedates_megacephalus,POME,920,30-May-22,Tai_Po_Kau,TPK,"22.4279895, 114.1807485",3-Dec-22,3-Dec-22,281,PASS,Yes,22-Dec-22,Novogene,NovaSeq_PE250,bacteria,16SV4,H201SC22114090 (X201SC22114090-Z01-F001),5,4.6
POME08LI,POME-TPK-LI08,POME-TPK-08,Large_intestine,li,Polypedates_megacephalus,POME,927,30-May-22,Tai_Po_Kau,TPK,"22.4279895, 114.1807485",3-Dec-22,3-Dec-22,353,PASS,Yes,22-Dec-22,Novogene,NovaSeq_PE250,bacteria,16SV4,H201SC22114090 (X201SC22114090-Z01-F001),9,5.2
POME09LI,POME-TPK-LI09,POME-TPK-09,Large_intestine,li,Polypedates_megacephalus,POME,923,30-May-22,Tai_Po_Kau,TPK,"22.4279895, 114.1807485",3-Dec-22,3-Dec-22,311,PASS,Yes,22-Dec-22,Novogene,NovaSeq_PE250,bacteria,16SV4,H201SC22114090 (X201SC22114090-Z01-F001),5,4.9
POME10LI,POME-TPK-LI10,POME-TPK-10,Large_intestine,li,Polypedates_megacephalus,POME,928,13-Jun-22,Tai_Po_Kau,TPK,"22.4279895, 114.1807485",3-Dec-22,3-Dec-22,206,PASS,Yes,22-Dec-22,Novogene,NovaSeq_PE250,bacteria,16SV4,H201SC22114090 (X201SC22114090-Z01-F001),6,5
POME11LI,POME-TPK-LI11,POME-TPK-11,Large_intestine,li,Polypedates_megacephalus,POME,932,13-Jun-22,Tai_Po_Kau,TPK,"22.4279895, 114.1807485",3-Dec-22,3-Dec-22,567,PASS,Yes,22-Dec-22,Novogene,NovaSeq_PE250,bacteria,16SV4,H201SC22114090 (X201SC22114090-Z01-F001),24,7.3
POME12LI,POME-TPK-LI12,POME-TPK-12,Large_intestine,li,Polypedates_megacephalus,POME,929,13-Jun-22,Tai_Po_Kau,TPK,"22.4279895, 114.1807485",3-Dec-22,3-Dec-22,315,PASS,Yes,22-Dec-22,Novogene,NovaSeq_PE250,bacteria,16SV4,H201SC22114090 (X201SC22114090-Z01-F001),4,4.4
POME02PF,POME-TPK-PF02,POME-TPK-02,Pre-faeces,pf,Polypedates_megacephalus,POME,897,30-May-22,Tai_Po_Kau,TPK,"22.4279895, 114.1807485",10-Dec-22,10-Dec-22,39.4,PASS,Yes,22-Dec-22,Novogene,NovaSeq_PE250,bacteria,16SV4,H201SC22114090 (X201SC22114090-Z01-F001),7,4.7
POME04PF,POME-TPK-PF04,POME-TPK-04,Pre-faeces,pf,Polypedates_megacephalus,POME,908,30-May-22,Tai_Po_Kau,TPK,"22.4279895, 114.1807485",10-Dec-22,10-Dec-22,17.6,PASS,Yes,22-Dec-22,Novogene,NovaSeq_PE250,bacteria,16SV4,H201SC22114090 (X201SC22114090-Z01-F001),9,5.2
POME05PF,POME-TPK-PF05,POME-TPK-05,Pre-faeces,pf,Polypedates_megacephalus,POME,915,30-May-22,Tai_Po_Kau,TPK,"22.4279895, 114.1807485",10-Dec-22,10-Dec-22,172,PASS,Yes,22-Dec-22,Novogene,NovaSeq_PE250,bacteria,16SV4,H201SC22114090 (X201SC22114090-Z01-F001),22,6.5
POME06PF,POME-TPK-PF06,POME-TPK-06,Pre-faeces,pf,Polypedates_megacephalus,POME,907,24-May-22,Tai_Po_Kau,TPK,"22.4279895, 114.1807485",10-Dec-22,10-Dec-22,29.7,PASS,Yes,22-Dec-22,Novogene,NovaSeq_PE250,bacteria,16SV4,H201SC22114090 (X201SC22114090-Z01-F001),6,4.9
POME09PF,POME-TPK-PF09,POME-TPK-09,Pre-faeces,pf,Polypedates_megacephalus,POME,923,30-May-22,Tai_Po_Kau,TPK,"22.4279895, 114.1807485",10-Dec-22,10-Dec-22,90.7,PASS,Yes,22-Dec-22,Novogene,NovaSeq_PE250,bacteria,16SV4,H201SC22114090 (X201SC22114090-Z01-F001),5,4.9
POME11PF,POME-TPK-PF11,POME-TPK-11,Pre-faeces,pf,Polypedates_megacephalus,POME,932,30-May-22,Tai_Po_Kau,TPK,"22.4279895, 114.1807485",10-Dec-22,10-Dec-22,107,PASS,Yes,22-Dec-22,Novogene,NovaSeq_PE250,bacteria,16SV4,H201SC22114090 (X201SC22114090-Z01-F001),24,7.3
POME01SI,POME-TPK-SI01,POME-TPK-01,Small_intestine,si,Polypedates_megacephalus,POME,888,10-May-22,Tai_Po_Kau,TPK,"22.4279895, 114.1807485",2-Dec-22,2-Dec-22,404,PASS,Yes,22-Dec-22,Novogene,NovaSeq_PE250,bacteria,16SV4,H201SC22114090 (X201SC22114090-Z01-F001),5,4.6
POME02SI,POME-TPK-SI02,POME-TPK-02,Small_intestine,si,Polypedates_megacephalus,POME,897,10-May-22,Tai_Po_Kau,TPK,"22.4279895, 114.1807485",2-Dec-22,2-Dec-22,600,PASS,Yes,22-Dec-22,Novogene,NovaSeq_PE250,bacteria,16SV4,H201SC22114090 (X201SC22114090-Z01-F001),7,4.7
POME04SI,POME-TPK-SI04,POME-TPK-04,Small_intestine,si,Polypedates_megacephalus,POME,908,24-May-22,Tai_Po_Kau,TPK,"22.4279895, 114.1807485",5-Dec-22,5-Dec-22,360,PASS,Yes,22-Dec-22,Novogene,NovaSeq_PE250,bacteria,16SV4,H201SC22114090 (X201SC22114090-Z01-F001),9,5.2
POME05SI,POME-TPK-SI05,POME-TPK-05,Small_intestine,si,Polypedates_megacephalus,POME,915,24-May-22,Tai_Po_Kau,TPK,"22.4279895, 114.1807485",5-Dec-22,5-Dec-22,Out of Range TOO HIGH,PASS,Yes,22-Dec-22,Novogene,NovaSeq_PE250,bacteria,16SV4,H201SC22114090 (X201SC22114090-Z01-F001),22,6.5
POME06SI,POME-TPK-SI06,POME-TPK-06,Small_intestine,si,Polypedates_megacephalus,POME,907,24-May-22,Tai_Po_Kau,TPK,"22.4279895, 114.1807485",5-Dec-22,5-Dec-22,587,PASS,Yes,22-Dec-22,Novogene,NovaSeq_PE250,bacteria,16SV4,H201SC22114090 (X201SC22114090-Z01-F001),6,4.9
POME07SI,POME-TPK-SI07,POME-TPK-07,Small_intestine,si,Polypedates_megacephalus,POME,920,30-May-22,Tai_Po_Kau,TPK,"22.4279895, 114.1807485",5-Dec-22,5-Dec-22,262,PASS,Yes,22-Dec-22,Novogene,NovaSeq_PE250,bacteria,16SV4,H201SC22114090 (X201SC22114090-Z01-F001),5,4.6
POME08SI,POME-TPK-SI08,POME-TPK-08,Small_intestine,si,Polypedates_megacephalus,POME,927,30-May-22,Tai_Po_Kau,TPK,"22.4279895, 114.1807485",5-Dec-22,5-Dec-22,667,PASS,Yes,22-Dec-22,Novogene,NovaSeq_PE250,bacteria,16SV4,H201SC22114090 (X201SC22114090-Z01-F001),9,5.2
POME09SI,POME-TPK-SI09,POME-TPK-09,Small_intestine,si,Polypedates_megacephalus,POME,923,30-May-22,Tai_Po_Kau,TPK,"22.4279895, 114.1807485",5-Dec-22,5-Dec-22,513,PASS,Yes,22-Dec-22,Novogene,NovaSeq_PE250,bacteria,16SV4,H201SC22114090 (X201SC22114090-Z01-F001),5,4.9
POME10SI,POME-TPK-SI10,POME-TPK-10,Small_intestine,si,Polypedates_megacephalus,POME,928,13-Jun-22,Tai_Po_Kau,TPK,"22.4279895, 114.1807485",5-Dec-22,5-Dec-22,413,PASS,Yes,22-Dec-22,Novogene,NovaSeq_PE250,bacteria,16SV4,H201SC22114090 (X201SC22114090-Z01-F001),6,5
POME11SI,POME-TPK-SI11,POME-TPK-11,Small_intestine,si,Polypedates_megacephalus,POME,932,13-Jun-22,Tai_Po_Kau,TPK,"22.4279895, 114.1807485",5-Dec-22,5-Dec-22,640,PASS,Yes,22-Dec-22,Novogene,NovaSeq_PE250,bacteria,16SV4,H201SC22114090 (X201SC22114090-Z01-F001),24,7.3
POME12SI,POME-TPK-SI12,POME-TPK-12,Small_intestine,si,Polypedates_megacephalus,POME,929,13-Jun-22,Tai_Po_Kau,TPK,"22.4279895, 114.1807485",5-Dec-22,5-Dec-22,620,PASS,Yes,22-Dec-22,Novogene,NovaSeq_PE250,bacteria,16SV4,H201SC22114090 (X201SC22114090-Z01-F001),4,4.4
QUEX01FE,QUEX-TPK-FE01,QUEX-TPK-01,Faeces,fe,Quasipaa_exilispinosa,QUEX,930,30-May-22,Tai_Po_Kau,TPK,"22.4279895, 114.1807485",9-Dec-22,9-Dec-22,60.2,PASS,Yes,22-Dec-22,Novogene,NovaSeq_PE250,bacteria,16SV4,H201SC22114090 (X201SC22114090-Z01-F001),42,7.8
QUEX05FE,QUEX-TPK-FE05,QUEX-TPK-05,Faeces,fe,Quasipaa_exilispinosa,QUEX,937,5-Jul-22,Tai_Po_Kau,TPK,"22.4279895, 114.1807485",9-Dec-22,9-Dec-22,35,PASS,Yes,22-Dec-22,Novogene,NovaSeq_PE250,bacteria,16SV4,H201SC22114090 (X201SC22114090-Z01-F001),13,5.1
QUEX06FE,QUEX-TPK-FE06,QUEX-TPK-06,Faeces,fe,Quasipaa_exilispinosa,QUEX,940,13-Jul-22,Tai_Po_Kau,TPK,"22.4279895, 114.1807485",9-Dec-22,9-Dec-22,37.7,PASS,Yes,22-Dec-22,Novogene,NovaSeq_PE250,bacteria,16SV4,H201SC22114090 (X201SC22114090-Z01-F001),20,6
QUEX09FE,QUEX-TPK-FE09,QUEX-TPK-09,Faeces,fe,Quasipaa_exilispinosa,QUEX,941,13-Jul-22,Tai_Po_Kau,TPK,"22.4279895, 114.1807485",9-Dec-22,9-Dec-22,42.8,PASS,Yes,22-Dec-22,Novogene,NovaSeq_PE250,bacteria,16SV4,H201SC22114090 (X201SC22114090-Z01-F001),35,6.9
QUEX11FE,QUEX-TPK-FE11,QUEX-TPK-11,Faeces,fe,Quasipaa_exilispinosa,QUEX,949,8-Aug-22,Tai_Po_Kau,TPK,"22.4279895, 114.1807485",9-Dec-22,9-Dec-22,36.6,PASS,Yes,22-Dec-22,Novogene,NovaSeq_PE250,bacteria,16SV4,H201SC22114090 (X201SC22114090-Z01-F001),12,4.9
QUEX12FE,QUEX-TPK-FE12,QUEX-TPK-12,Faeces,fe,Quasipaa_exilispinosa,QUEX,950,8-Aug-22,Tai_Po_Kau,TPK,"22.4279895, 114.1807485",9-Dec-22,9-Dec-22,28.9,PASS,Yes,22-Dec-22,Novogene,NovaSeq_PE250,bacteria,16SV4,H201SC22114090 (X201SC22114090-Z01-F001),14,5.5
QUEX13FE,QUEX-TPK-FE13,QUEX-TPK-13,Faeces,fe,Quasipaa_exilispinosa,QUEX,951,8-Aug-22,Tai_Po_Kau,TPK,"22.4279895, 114.1807485",9-Dec-22,9-Dec-22,36.1,PASS,Yes,22-Dec-22,Novogene,NovaSeq_PE250,bacteria,16SV4,H201SC22114090 (X201SC22114090-Z01-F001),39,7.8
QUEX14FE,QUEX-TPK-FE14,QUEX-TPK-14,Faeces,fe,Quasipaa_exilispinosa,QUEX,955,30-Aug-22,Tai_Po_Kau,TPK,"22.4279895, 114.1807485",9-Dec-22,9-Dec-22,90.7,PASS,Yes,22-Dec-22,Novogene,NovaSeq_PE250,bacteria,16SV4,H201SC22114090 (X201SC22114090-Z01-F001),30,6.9
QUEX01LI,QUEX-TPK-LI01,QUEX-TPK-01,Large_intestine,li,Quasipaa_exilispinosa,QUEX,930,13-Jun-22,Tai_Po_Kau,TPK,"22.4279895, 114.1807485",6-Dec-22,6-Dec-22,319,PASS,Yes,22-Dec-22,Novogene,NovaSeq_PE250,bacteria,16SV4,H201SC22114090 (X201SC22114090-Z01-F001),42,7.8
QUEX02LI,QUEX-TPK-LI02,QUEX-TPK-02,Large_intestine,li,Quasipaa_exilispinosa,QUEX,931,13-Jun-22,Tai_Po_Kau,TPK,"22.4279895, 114.1807485",6-Dec-22,6-Dec-22,281,PASS,Yes,22-Dec-22,Novogene,NovaSeq_PE250,bacteria,16SV4,H201SC22114090 (X201SC22114090-Z01-F001),35,7.2
QUEX03LI,QUEX-TPK-LI03,QUEX-TPK-03,Large_intestine,li,Quasipaa_exilispinosa,QUEX,934,28-Jun-22,Tai_Po_Kau,TPK,"22.4279895, 114.1807485",6-Dec-22,6-Dec-22,191,PASS,Yes,22-Dec-22,Novogene,NovaSeq_PE250,bacteria,16SV4,H201SC22114090 (X201SC22114090-Z01-F001),38,7.3
QUEX05LI,QUEX-TPK-LI05,QUEX-TPK-05,Large_intestine,li,Quasipaa_exilispinosa,QUEX,937,5-Jul-22,Tai_Po_Kau,TPK,"22.4279895, 114.1807485",6-Dec-22,6-Dec-22,149,PASS,Yes,22-Dec-22,Novogene,NovaSeq_PE250,bacteria,16SV4,H201SC22114090 (X201SC22114090-Z01-F001),13,5.1
QUEX06LI,QUEX-TPK-LI06,QUEX-TPK-06,Large_intestine,li,Quasipaa_exilispinosa,QUEX,940,13-Jul-22,Tai_Po_Kau,TPK,"22.4279895, 114.1807485",6-Dec-22,6-Dec-22,347,PASS,Yes,22-Dec-22,Novogene,NovaSeq_PE250,bacteria,16SV4,H201SC22114090 (X201SC22114090-Z01-F001),20,6
QUEX08LI,QUEX-TPK-LI08,QUEX-TPK-08,Large_intestine,li,Quasipaa_exilispinosa,QUEX,943,13-Jul-22,Tai_Po_Kau,TPK,"22.4279895, 114.1807485",6-Dec-22,6-Dec-22,260,PASS,Yes,22-Dec-22,Novogene,NovaSeq_PE250,bacteria,16SV4,H201SC22114090 (X201SC22114090-Z01-F001),17,5.6
QUEX09LI,QUEX-TPK-LI09,QUEX-TPK-09,Large_intestine,li,Quasipaa_exilispinosa,QUEX,941,13-Jul-22,Tai_Po_Kau,TPK,"22.4279895, 114.1807485",6-Dec-22,6-Dec-22,407,PASS,Yes,22-Dec-22,Novogene,NovaSeq_PE250,bacteria,16SV4,H201SC22114090 (X201SC22114090-Z01-F001),35,6.9
QUEX11LI,QUEX-TPK-LI11,QUEX-TPK-11,Large_intestine,li,Quasipaa_exilispinosa,QUEX,949,8-Aug-22,Tai_Po_Kau,TPK,"22.4279895, 114.1807485",6-Dec-22,6-Dec-22,271,PASS,Yes,22-Dec-22,Novogene,NovaSeq_PE250,bacteria,16SV4,H201SC22114090 (X201SC22114090-Z01-F001),12,4.9
QUEX12LI,QUEX-TPK-LI12,QUEX-TPK-12,Large_intestine,li,Quasipaa_exilispinosa,QUEX,950,8-Aug-22,Tai_Po_Kau,TPK,"22.4279895, 114.1807485",6-Dec-22,6-Dec-22,94,PASS,Yes,22-Dec-22,Novogene,NovaSeq_PE250,bacteria,16SV4,H201SC22114090 (X201SC22114090-Z01-F001),14,5.5
QUEX13LI,QUEX-TPK-LI13,QUEX-TPK-13,Large_intestine,li,Quasipaa_exilispinosa,QUEX,951,8-Aug-22,Tai_Po_Kau,TPK,"22.4279895, 114.1807485",6-Dec-22,6-Dec-22,400,PASS,Yes,22-Dec-22,Novogene,NovaSeq_PE250,bacteria,16SV4,H201SC22114090 (X201SC22114090-Z01-F001),39,7.8
QUEX14LI,QUEX-TPK-LI14,QUEX-TPK-14,Large_intestine,li,Quasipaa_exilispinosa,QUEX,955,30-Aug-22,Tai_Po_Kau,TPK,"22.4279895, 114.1807485",6-Dec-22,6-Dec-22,181,PASS,Yes,22-Dec-22,Novogene,NovaSeq_PE250,bacteria,16SV4,H201SC22114090 (X201SC22114090-Z01-F001),30,6.9
QUEX01PF,QUEX-TPK-PF01,QUEX-TPK-01,Pre-faeces,pf,Quasipaa_exilispinosa,QUEX,930,30-May-22,Tai_Po_Kau,TPK,"22.4279895, 114.1807485",12-Dec-22,12-Dec-22,67.3,PASS,Yes,22-Dec-22,Novogene,NovaSeq_PE250,bacteria,16SV4,H201SC22114090 (X201SC22114090-Z01-F001),42,7.8
QUEX02PF,QUEX-TPK-PF02,QUEX-TPK-02,Pre-faeces,pf,Quasipaa_exilispinosa,QUEX,931,30-May-22,Tai_Po_Kau,TPK,"22.4279895, 114.1807485",12-Dec-22,12-Dec-22,47.1,PASS,Yes,22-Dec-22,Novogene,NovaSeq_PE250,bacteria,16SV4,H201SC22114090 (X201SC22114090-Z01-F001),35,7.2
QUEX03PF,QUEX-TPK-PF03,QUEX-TPK-03,Pre-faeces,pf,Quasipaa_exilispinosa,QUEX,934,28-Jun-22,Tai_Po_Kau,TPK,"22.4279895, 114.1807485",12-Dec-22,12-Dec-22,70,PASS,Yes,22-Dec-22,Novogene,NovaSeq_PE250,bacteria,16SV4,H201SC22114090 (X201SC22114090-Z01-F001),38,7.3
QUEX04PF,QUEX-TPK-PF04,QUEX-TPK-04,Pre-faeces,pf,Quasipaa_exilispinosa,QUEX,935,28-Jun-22,Tai_Po_Kau,TPK,"22.4279895, 114.1807485",12-Dec-22,12-Dec-22,50,PASS,Yes,22-Dec-22,Novogene,NovaSeq_PE250,bacteria,16SV4,H201SC22114090 (X201SC22114090-Z01-F001),46,7.4
QUEX05PF,QUEX-TPK-PF05,QUEX-TPK-05,Pre-faeces,pf,Quasipaa_exilispinosa,QUEX,937,5-Jul-22,Tai_Po_Kau,TPK,"22.4279895, 114.1807485",17-Dec-22,17-Dec-22,74.7,PASS,Yes,22-Dec-22,Novogene,NovaSeq_PE250,bacteria,16SV4,H201SC22114090 (X201SC22114090-Z01-F001),13,5.1
QUEX06PF,QUEX-TPK-PF06,QUEX-TPK-06,Pre-faeces,pf,Quasipaa_exilispinosa,QUEX,940,13-Jul-22,Tai_Po_Kau,TPK,"22.4279895, 114.1807485",17-Dec-22,17-Dec-22,32.7,PASS,Yes,22-Dec-22,Novogene,NovaSeq_PE250,bacteria,16SV4,H201SC22114090 (X201SC22114090-Z01-F001),20,6
QUEX08PF,QUEX-TPK-PF08,QUEX-TPK-08,Pre-faeces,pf,Quasipaa_exilispinosa,QUEX,943,13-Jul-22,Tai_Po_Kau,TPK,"22.4279895, 114.1807485",17-Dec-22,17-Dec-22,76,PASS,Yes,22-Dec-22,Novogene,NovaSeq_PE250,bacteria,16SV4,H201SC22114090 (X201SC22114090-Z01-F001),17,5.6
QUEX09PF,QUEX-TPK-PF09,QUEX-TPK-09,Pre-faeces,pf,Quasipaa_exilispinosa,QUEX,941,13-Jul-22,Tai_Po_Kau,TPK,"22.4279895, 114.1807485",17-Dec-22,17-Dec-22,39,PASS,Yes,22-Dec-22,Novogene,NovaSeq_PE250,bacteria,16SV4,H201SC22114090 (X201SC22114090-Z01-F001),35,6.9
QUEX13PF,QUEX-TPK-PF13,QUEX-TPK-13,Pre-faeces,pf,Quasipaa_exilispinosa,QUEX,951,8-Aug-22,Tai_Po_Kau,TPK,"22.4279895, 114.1807485",17-Dec-22,17-Dec-22,88.7,PASS,Yes,22-Dec-22,Novogene,NovaSeq_PE250,bacteria,16SV4,H201SC22114090 (X201SC22114090-Z01-F001),39,7.8
QUEX14PF,QUEX-TPK-PF14,QUEX-TPK-14,Pre-faeces,pf,Quasipaa_exilispinosa,QUEX,955,30-Aug-22,Tai_Po_Kau,TPK,"22.4279895, 114.1807485",17-Dec-22,17-Dec-22,30.4,PASS,Yes,22-Dec-22,Novogene,NovaSeq_PE250,bacteria,16SV4,H201SC22114090 (X201SC22114090-Z01-F001),30,6.9
QUEX01SI,QUEX-TPK-SI01,QUEX-TPK-01,Small_intestine,si,Quasipaa_exilispinosa,QUEX,930,13-Jun-22,Tai_Po_Kau,TPK,"22.4279895, 114.1807485",7-Dec-22,7-Dec-22,387,PASS,Yes,22-Dec-22,Novogene,NovaSeq_PE250,bacteria,16SV4,H201SC22114090 (X201SC22114090-Z01-F001),42,7.8
QUEX02SI,QUEX-TPK-SI02,QUEX-TPK-02,Small_intestine,si,Quasipaa_exilispinosa,QUEX,931,13-Jun-22,Tai_Po_Kau,TPK,"22.4279895, 114.1807485",7-Dec-22,7-Dec-22,487,PASS,Yes,22-Dec-22,Novogene,NovaSeq_PE250,bacteria,16SV4,H201SC22114090 (X201SC22114090-Z01-F001),35,7.2
QUEX03SI,QUEX-TPK-SI03,QUEX-TPK-03,Small_intestine,si,Quasipaa_exilispinosa,QUEX,934,28-Jun-22,Tai_Po_Kau,TPK,"22.4279895, 114.1807485",7-Dec-22,7-Dec-22,241,PASS,Yes,22-Dec-22,Novogene,NovaSeq_PE250,bacteria,16SV4,H201SC22114090 (X201SC22114090-Z01-F001),38,7.3
QUEX04SI,QUEX-TPK-SI04,QUEX-TPK-04,Small_intestine,si,Quasipaa_exilispinosa,QUEX,935,28-Jun-22,Tai_Po_Kau,TPK,"22.4279895, 114.1807485",7-Dec-22,7-Dec-22,305,PASS,Yes,22-Dec-22,Novogene,NovaSeq_PE250,bacteria,16SV4,H201SC22114090 (X201SC22114090-Z01-F001),46,7.4
QUEX05SI,QUEX-TPK-SI05,QUEX-TPK-05,Small_intestine,si,Quasipaa_exilispinosa,QUEX,937,5-Jul-22,Tai_Po_Kau,TPK,"22.4279895, 114.1807485",7-Dec-22,7-Dec-22,420,PASS,Yes,22-Dec-22,Novogene,NovaSeq_PE250,bacteria,16SV4,H201SC22114090 (X201SC22114090-Z01-F001),13,5.1
QUEX06SI,QUEX-TPK-SI06,QUEX-TPK-06,Small_intestine,si,Quasipaa_exilispinosa,QUEX,940,13-Jul-22,Tai_Po_Kau,TPK,"22.4279895, 114.1807485",7-Dec-22,7-Dec-22,493,PASS,Yes,22-Dec-22,Novogene,NovaSeq_PE250,bacteria,16SV4,H201SC22114090 (X201SC22114090-Z01-F001),20,6
QUEX08SI,QUEX-TPK-SI08,QUEX-TPK-08,Small_intestine,si,Quasipaa_exilispinosa,QUEX,943,13-Jul-22,Tai_Po_Kau,TPK,"22.4279895, 114.1807485",7-Dec-22,7-Dec-22,326,PASS,Yes,22-Dec-22,Novogene,NovaSeq_PE250,bacteria,16SV4,H201SC22114090 (X201SC22114090-Z01-F001),17,5.6
QUEX09SI,QUEX-TPK-SI09,QUEX-TPK-09,Small_intestine,si,Quasipaa_exilispinosa,QUEX,941,13-Jul-22,Tai_Po_Kau,TPK,"22.4279895, 114.1807485",7-Dec-22,7-Dec-22,400,PASS,Yes,22-Dec-22,Novogene,NovaSeq_PE250,bacteria,16SV4,H201SC22114090 (X201SC22114090-Z01-F001),35,6.9
QUEX11SI,QUEX-TPK-SI11,QUEX-TPK-11,Small_intestine,si,Quasipaa_exilispinosa,QUEX,949,8-Aug-22,Tai_Po_Kau,TPK,"22.4279895, 114.1807485",7-Dec-22,7-Dec-22,315,PASS,Yes,22-Dec-22,Novogene,NovaSeq_PE250,bacteria,16SV4,H201SC22114090 (X201SC22114090-Z01-F001),12,4.9
QUEX12SI,QUEX-TPK-SI12,QUEX-TPK-12,Small_intestine,si,Quasipaa_exilispinosa,QUEX,950,8-Aug-22,Tai_Po_Kau,TPK,"22.4279895, 114.1807485",7-Dec-22,7-Dec-22,433,PASS,Yes,22-Dec-22,Novogene,NovaSeq_PE250,bacteria,16SV4,H201SC22114090 (X201SC22114090-Z01-F001),14,5.5
QUEX13SI,QUEX-TPK-SI13,QUEX-TPK-13,Small_intestine,si,Quasipaa_exilispinosa,QUEX,951,8-Aug-22,Tai_Po_Kau,TPK,"22.4279895, 114.1807485",7-Dec-22,7-Dec-22,387,PASS,Yes,22-Dec-22,Novogene,NovaSeq_PE250,bacteria,16SV4,H201SC22114090 (X201SC22114090-Z01-F001),39,7.8
QUEX14SI,QUEX-TPK-SI14,QUEX-TPK-14,Small_intestine,si,Quasipaa_exilispinosa,QUEX,955,30-Aug-22,Tai_Po_Kau,TPK,"22.4279895, 114.1807485",7-Dec-22,7-Dec-22,340,PASS,Yes,22-Dec-22,Novogene,NovaSeq_PE250,bacteria,16SV4,H201SC22114090 (X201SC22114090-Z01-F001),30,6.9
SYGU01FE,SYGU-TPK-FE01,SYGU-TPK-01,Faeces,fe,Sylvirana_guentheri,SYGU,890,10-May-22,Tai_Po_Kau,TPK,"22.4279895, 114.1807485",8-Dec-22,8-Dec-22,113,PASS,Yes,22-Dec-22,Novogene,NovaSeq_PE250,bacteria,16SV4,H201SC22114090 (X201SC22114090-Z01-F001),49,9.2
SYGU02FE,SYGU-TPK-FE02,SYGU-TPK-02,Faeces,fe,Sylvirana_guentheri,SYGU,887,10-May-22,Tai_Po_Kau,TPK,"22.4279895, 114.1807485",8-Dec-22,8-Dec-22,83.3,PASS,Yes,22-Dec-22,Novogene,NovaSeq_PE250,bacteria,16SV4,H201SC22114090 (X201SC22114090-Z01-F001),39,7.9
SYGU03FE,SYGU-TPK-FE03,SYGU-TPK-03,Faeces,fe,Sylvirana_guentheri,SYGU,885,10-May-22,Tai_Po_Kau,TPK,"22.4279895, 114.1807485",8-Dec-22,8-Dec-22,10.7,PASS,Yes,22-Dec-22,Novogene,NovaSeq_PE250,bacteria,16SV4,H201SC22114090 (X201SC22114090-Z01-F001),42,8.8
SYGU04FE,SYGU-TPK-FE04,SYGU-TPK-04,Faeces,fe,Sylvirana_guentheri,SYGU,900,16-May-22,Tai_Po_Kau,TPK,"22.4279895, 114.1807485",8-Dec-22,8-Dec-22,54.6,PASS,Yes,22-Dec-22,Novogene,NovaSeq_PE250,bacteria,16SV4,H201SC22114090 (X201SC22114090-Z01-F001),39,8.8
SYGU06FE,SYGU-TPK-FE06,SYGU-TPK-06,Faeces,fe,Sylvirana_guentheri,SYGU,901,16-May-22,Tai_Po_Kau,TPK,"22.4279895, 114.1807485",8-Dec-22,8-Dec-22,38.6,PASS,Yes,22-Dec-22,Novogene,NovaSeq_PE250,bacteria,16SV4,H201SC22114090 (X201SC22114090-Z01-F001),44,9
SYGU07FE,SYGU-TPK-FE07,SYGU-TPK-07,Faeces,fe,Sylvirana_guentheri,SYGU,909,24-May-22,Tai_Po_Kau,TPK,"22.4279895, 114.1807485",8-Dec-22,8-Dec-22,119,PASS,Yes,22-Dec-22,Novogene,NovaSeq_PE250,bacteria,16SV4,H201SC22114090 (X201SC22114090-Z01-F001),51,9
SYGU08FE,SYGU-TPK-FE08,SYGU-TPK-08,Faeces,fe,Sylvirana_guentheri,SYGU,910,24-May-22,Tai_Po_Kau,TPK,"22.4279895, 114.1807485",8-Dec-22,8-Dec-22,104,PASS,Yes,22-Dec-22,Novogene,NovaSeq_PE250,bacteria,16SV4,H201SC22114090 (X201SC22114090-Z01-F001),38,7.9
SYGU09FE,SYGU-TPK-FE09,SYGU-TPK-09,Faeces,fe,Sylvirana_guentheri,SYGU,911,24-May-22,Tai_Po_Kau,TPK,"22.4279895, 114.1807485",8-Dec-22,8-Dec-22,75.3,PASS,Yes,22-Dec-22,Novogene,NovaSeq_PE250,bacteria,16SV4,H201SC22114090 (X201SC22114090-Z01-F001),44,8.6
SYGU12FE,SYGU-TPK-FE12,SYGU-TPK-12,Faeces,fe,Sylvirana_guentheri,SYGU,916,30-May-22,Tai_Po_Kau,TPK,"22.4279895, 114.1807485",8-Dec-22,8-Dec-22,150,PASS,Yes,22-Dec-22,Novogene,NovaSeq_PE250,bacteria,16SV4,H201SC22114090 (X201SC22114090-Z01-F001),58,8.9
SYGU01LI,SYGU-TPK-LI01,SYGU-TPK-01,Large_intestine,li,Sylvirana_guentheri,SYGU,890,10-May-22,Tai_Po_Kau,TPK,"22.4279895, 114.1807485",3-Dec-22,3-Dec-22,433,PASS,Yes,22-Dec-22,Novogene,NovaSeq_PE250,bacteria,16SV4,H201SC22114090 (X201SC22114090-Z01-F001),49,9.2
SYGU02LI,SYGU-TPK-LI02,SYGU-TPK-02,Large_intestine,li,Sylvirana_guentheri,SYGU,887,10-May-22,Tai_Po_Kau,TPK,"22.4279895, 114.1807485",3-Dec-22,3-Dec-22,533,PASS,Yes,22-Dec-22,Novogene,NovaSeq_PE250,bacteria,16SV4,H201SC22114090 (X201SC22114090-Z01-F001),39,7.9
SYGU03LI,SYGU-TPK-LI03,SYGU-TPK-03,Large_intestine,li,Sylvirana_guentheri,SYGU,885,10-May-22,Tai_Po_Kau,TPK,"22.4279895, 114.1807485",3-Dec-22,3-Dec-22,500,PASS,Yes,22-Dec-22,Novogene,NovaSeq_PE250,bacteria,16SV4,H201SC22114090 (X201SC22114090-Z01-F001),42,8.8
SYGU05LI,SYGU-TPK-LI05,SYGU-TPK-05,Large_intestine,li,Sylvirana_guentheri,SYGU,905,16-May-22,Tai_Po_Kau,TPK,"22.4279895, 114.1807485",3-Dec-22,3-Dec-22,587,PASS,Yes,22-Dec-22,Novogene,NovaSeq_PE250,bacteria,16SV4,H201SC22114090 (X201SC22114090-Z01-F001),39,8
SYGU06LI,SYGU-TPK-LI06,SYGU-TPK-06,Large_intestine,li,Sylvirana_guentheri,SYGU,901,16-May-22,Tai_Po_Kau,TPK,"22.4279895, 114.1807485",3-Dec-22,3-Dec-22,253,PASS,Yes,22-Dec-22,Novogene,NovaSeq_PE250,bacteria,16SV4,H201SC22114090 (X201SC22114090-Z01-F001),44,9
SYGU07LI,SYGU-TPK-LI07,SYGU-TPK-07,Large_intestine,li,Sylvirana_guentheri,SYGU,909,24-May-22,Tai_Po_Kau,TPK,"22.4279895, 114.1807485",3-Dec-22,3-Dec-22,480,PASS,Yes,22-Dec-22,Novogene,NovaSeq_PE250,bacteria,16SV4,H201SC22114090 (X201SC22114090-Z01-F001),51,9
SYGU08LI,SYGU-TPK-LI08,SYGU-TPK-08,Large_intestine,li,Sylvirana_guentheri,SYGU,910,24-May-22,Tai_Po_Kau,TPK,"22.4279895, 114.1807485",3-Dec-22,3-Dec-22,367,PASS,Yes,22-Dec-22,Novogene,NovaSeq_PE250,bacteria,16SV4,H201SC22114090 (X201SC22114090-Z01-F001),38,7.9
SYGU09LI,SYGU-TPK-LI09,SYGU-TPK-09,Large_intestine,li,Sylvirana_guentheri,SYGU,911,24-May-22,Tai_Po_Kau,TPK,"22.4279895, 114.1807485",3-Dec-22,3-Dec-22,301,PASS,Yes,22-Dec-22,Novogene,NovaSeq_PE250,bacteria,16SV4,H201SC22114090 (X201SC22114090-Z01-F001),44,8.6
SYGU10LI,SYGU-TPK-LI10,SYGU-TPK-10,Large_intestine,li,Sylvirana_guentheri,SYGU,926,30-May-22,Tai_Po_Kau,TPK,"22.4279895, 114.1807485",3-Dec-22,3-Dec-22,547,PASS,Yes,22-Dec-22,Novogene,NovaSeq_PE250,bacteria,16SV4,H201SC22114090 (X201SC22114090-Z01-F001),36,8.4
SYGU11LI,SYGU-TPK-LI11,SYGU-TPK-11,Large_intestine,li,Sylvirana_guentheri,SYGU,918,30-May-22,Tai_Po_Kau,TPK,"22.4279895, 114.1807485",3-Dec-22,3-Dec-22,440,PASS,Yes,22-Dec-22,Novogene,NovaSeq_PE250,bacteria,16SV4,H201SC22114090 (X201SC22114090-Z01-F001),31,6.8
SYGU12LI,SYGU-TPK-LI12,SYGU-TPK-12,Large_intestine,li,Sylvirana_guentheri,SYGU,916,30-May-22,Tai_Po_Kau,TPK,"22.4279895, 114.1807485",3-Dec-22,3-Dec-22,199,PASS,Yes,22-Dec-22,Novogene,NovaSeq_PE250,bacteria,16SV4,H201SC22114090 (X201SC22114090-Z01-F001),58,8.9
SYGU01PF,SYGU-TPK-PF01,SYGU-TPK-01,Pre-faeces,pf,Sylvirana_guentheri,SYGU,890,10-May-22,Tai_Po_Kau,TPK,"22.4279895, 114.1807485",9-Dec-22,9-Dec-22,77.3,PASS,Yes,22-Dec-22,Novogene,NovaSeq_PE250,bacteria,16SV4,H201SC22114090 (X201SC22114090-Z01-F001),49,9.2
SYGU02PF,SYGU-TPK-PF02,SYGU-TPK-02,Pre-faeces,pf,Sylvirana_guentheri,SYGU,887,10-May-22,Tai_Po_Kau,TPK,"22.4279895, 114.1807485",9-Dec-22,9-Dec-22,14.1,PASS,Yes,22-Dec-22,Novogene,NovaSeq_PE250,bacteria,16SV4,H201SC22114090 (X201SC22114090-Z01-F001),39,7.9
SYGU05PF,SYGU-TPK-PF05,SYGU-TPK-05,Pre-faeces,pf,Sylvirana_guentheri,SYGU,905,16-May-22,Tai_Po_Kau,TPK,"22.4279895, 114.1807485",10-Dec-22,10-Dec-22,164,PASS,Yes,22-Dec-22,Novogene,NovaSeq_PE250,bacteria,16SV4,H201SC22114090 (X201SC22114090-Z01-F001),39,8
SYGU07PF,SYGU-TPK-PF07,SYGU-TPK-07,Pre-faeces,pf,Sylvirana_guentheri,SYGU,909,24-May-22,Tai_Po_Kau,TPK,"22.4279895, 114.1807485",10-Dec-22,10-Dec-22,127,PASS,Yes,22-Dec-22,Novogene,NovaSeq_PE250,bacteria,16SV4,H201SC22114090 (X201SC22114090-Z01-F001),51,9
SYGU08PF,SYGU-TPK-PF08,SYGU-TPK-08,Pre-faeces,pf,Sylvirana_guentheri,SYGU,910,24-May-22,Tai_Po_Kau,TPK,"22.4279895, 114.1807485",10-Dec-22,10-Dec-22,126,PASS,Yes,22-Dec-22,Novogene,NovaSeq_PE250,bacteria,16SV4,H201SC22114090 (X201SC22114090-Z01-F001),38,7.9
SYGU09PF,SYGU-TPK-PF09,SYGU-TPK-09,Pre-faeces,pf,Sylvirana_guentheri,SYGU,911,24-May-22,Tai_Po_Kau,TPK,"22.4279895, 114.1807485",10-Dec-22,10-Dec-22,37.5,PASS,Yes,22-Dec-22,Novogene,NovaSeq_PE250,bacteria,16SV4,H201SC22114090 (X201SC22114090-Z01-F001),44,8.6
SYGU10PF,SYGU-TPK-PF10,SYGU-TPK-10,Pre-faeces,pf,Sylvirana_guentheri,SYGU,926,30-May-22,Tai_Po_Kau,TPK,"22.4279895, 114.1807485",10-Dec-22,10-Dec-22,266,PASS,Yes,22-Dec-22,Novogene,NovaSeq_PE250,bacteria,16SV4,H201SC22114090 (X201SC22114090-Z01-F001),36,8.4
SYGU11PF,SYGU-TPK-PF11,SYGU-TPK-11,Pre-faeces,pf,Sylvirana_guentheri,SYGU,918,30-May-22,Tai_Po_Kau,TPK,"22.4279895, 114.1807485",10-Dec-22,10-Dec-22,206,PASS,Yes,22-Dec-22,Novogene,NovaSeq_PE250,bacteria,16SV4,H201SC22114090 (X201SC22114090-Z01-F001),31,6.8
SYGU12PF,SYGU-TPK-PF12,SYGU-TPK-12,Pre-faeces,pf,Sylvirana_guentheri,SYGU,916,30-May-22,Tai_Po_Kau,TPK,"22.4279895, 114.1807485",10-Dec-22,10-Dec-22,34.4,PASS,Yes,22-Dec-22,Novogene,NovaSeq_PE250,bacteria,16SV4,H201SC22114090 (X201SC22114090-Z01-F001),58,8.9
SYGU01SI,SYGU-TPK-SI01,SYGU-TPK-01,Small_intestine,si,Sylvirana_guentheri,SYGU,890,10-May-22,Tai_Po_Kau,TPK,"22.4279895, 114.1807485",2-Dec-22,2-Dec-22,578,PASS,Yes,22-Dec-22,Novogene,NovaSeq_PE250,bacteria,16SV4,H201SC22114090 (X201SC22114090-Z01-F001),49,9.2
SYGU02SI,SYGU-TPK-SI02,SYGU-TPK-02,Small_intestine,si,Sylvirana_guentheri,SYGU,887,10-May-22,Tai_Po_Kau,TPK,"22.4279895, 114.1807485",2-Dec-22,2-Dec-22,560,PASS,Yes,22-Dec-22,Novogene,NovaSeq_PE250,bacteria,16SV4,H201SC22114090 (X201SC22114090-Z01-F001),39,7.9
SYGU03SI,SYGU-TPK-SI03,SYGU-TPK-03,Small_intestine,si,Sylvirana_guentheri,SYGU,885,10-May-22,Tai_Po_Kau,TPK,"22.4279895, 114.1807485",2-Dec-22,2-Dec-22,514,PASS,Yes,22-Dec-22,Novogene,NovaSeq_PE250,bacteria,16SV4,H201SC22114090 (X201SC22114090-Z01-F001),42,8.8
SYGU04SI,SYGU-TPK-SI04,SYGU-TPK-04,Small_intestine,si,Sylvirana_guentheri,SYGU,900,16-May-22,Tai_Po_Kau,TPK,"22.4279895, 114.1807485",2-Dec-22,2-Dec-22,588,PASS,Yes,22-Dec-22,Novogene,NovaSeq_PE250,bacteria,16SV4,H201SC22114090 (X201SC22114090-Z01-F001),39,8.8
SYGU05SI,SYGU-TPK-SI05,SYGU-TPK-05,Small_intestine,si,Sylvirana_guentheri,SYGU,905,16-May-22,Tai_Po_Kau,TPK,"22.4279895, 114.1807485",2-Dec-22,2-Dec-22,732,PASS,Yes,22-Dec-22,Novogene,NovaSeq_PE250,bacteria,16SV4,H201SC22114090 (X201SC22114090-Z01-F001),39,8
SYGU06SI,SYGU-TPK-SI06,SYGU-TPK-06,Small_intestine,si,Sylvirana_guentheri,SYGU,901,16-May-22,Tai_Po_Kau,TPK,"22.4279895, 114.1807485",2-Dec-22,2-Dec-22,536,PASS,Yes,22-Dec-22,Novogene,NovaSeq_PE250,bacteria,16SV4,H201SC22114090 (X201SC22114090-Z01-F001),44,9
SYGU07SI,SYGU-TPK-SI07,SYGU-TPK-07,Small_intestine,si,Sylvirana_guentheri,SYGU,909,24-May-22,Tai_Po_Kau,TPK,"22.4279895, 114.1807485",2-Dec-22,2-Dec-22,750,PASS,Yes,22-Dec-22,Novogene,NovaSeq_PE250,bacteria,16SV4,H201SC22114090 (X201SC22114090-Z01-F001),51,9
SYGU08SI,SYGU-TPK-SI08,SYGU-TPK-08,Small_intestine,si,Sylvirana_guentheri,SYGU,910,24-May-22,Tai_Po_Kau,TPK,"22.4279895, 114.1807485",2-Dec-22,2-Dec-22,702,PASS,Yes,22-Dec-22,Novogene,NovaSeq_PE250,bacteria,16SV4,H201SC22114090 (X201SC22114090-Z01-F001),38,7.9
SYGU09SI,SYGU-TPK-SI09,SYGU-TPK-09,Small_intestine,si,Sylvirana_guentheri,SYGU,911,24-May-22,Tai_Po_Kau,TPK,"22.4279895, 114.1807485",2-Dec-22,2-Dec-22,678,PASS,Yes,22-Dec-22,Novogene,NovaSeq_PE250,bacteria,16SV4,H201SC22114090 (X201SC22114090-Z01-F001),44,8.6
SYGU10SI,SYGU-TPK-SI10,SYGU-TPK-10,Small_intestine,si,Sylvirana_guentheri,SYGU,926,30-May-22,Tai_Po_Kau,TPK,"22.4279895, 114.1807485",2-Dec-22,2-Dec-22,544,PASS,Yes,22-Dec-22,Novogene,NovaSeq_PE250,bacteria,16SV4,H201SC22114090 (X201SC22114090-Z01-F001),36,8.4
SYGU11SI,SYGU-TPK-SI11,SYGU-TPK-11,Small_intestine,si,Sylvirana_guentheri,SYGU,918,30-May-22,Tai_Po_Kau,TPK,"22.4279895, 114.1807485",2-Dec-22,2-Dec-22,790,PASS,Yes,22-Dec-22,Novogene,NovaSeq_PE250,bacteria,16SV4,H201SC22114090 (X201SC22114090-Z01-F001),31,6.8
SYGU12SI,SYGU-TPK-SI12,SYGU-TPK-12,Small_intestine,si,Sylvirana_guentheri,SYGU,916,30-May-22,Tai_Po_Kau,TPK,"22.4279895, 114.1807485",2-Dec-22,2-Dec-22,482,PASS,Yes,22-Dec-22,Novogene,NovaSeq_PE250,bacteria,16SV4,H201SC22114090 (X201SC22114090-Z01-F001),58,8.9